Month,Count,Direction,CLPR,Visa,Citizenship
2001-01-01,1,Arrivals,Philippines,New Zealand and Australian citizens,Non-New Zealand
2001-01-01,52,Arrivals,Philippines,Other,Non-New Zealand
2001-01-01,0,Arrivals,Philippines,Residence,Non-New Zealand
2001-01-01,0,Arrivals,Philippines,Student,Non-New Zealand
2001-01-01,53,Arrivals,Philippines,TOTAL,Non-New Zealand
2001-01-01,0,Arrivals,Philippines,Visitor,Non-New Zealand
2001-01-01,0,Arrivals,Philippines,Work,Non-New Zealand
2001-02-01,0,Arrivals,Philippines,New Zealand and Australian citizens,Non-New Zealand
2001-02-01,98,Arrivals,Philippines,Other,Non-New Zealand
2001-02-01,0,Arrivals,Philippines,Residence,Non-New Zealand
2001-02-01,0,Arrivals,Philippines,Student,Non-New Zealand
2001-02-01,98,Arrivals,Philippines,TOTAL,Non-New Zealand
2001-02-01,0,Arrivals,Philippines,Visitor,Non-New Zealand
2001-02-01,0,Arrivals,Philippines,Work,Non-New Zealand
2001-03-01,0,Arrivals,Philippines,New Zealand and Australian citizens,Non-New Zealand
2001-03-01,84,Arrivals,Philippines,Other,Non-New Zealand
2001-03-01,0,Arrivals,Philippines,Residence,Non-New Zealand
2001-03-01,0,Arrivals,Philippines,Student,Non-New Zealand
2001-03-01,84,Arrivals,Philippines,TOTAL,Non-New Zealand
2001-03-01,0,Arrivals,Philippines,Visitor,Non-New Zealand
2001-03-01,0,Arrivals,Philippines,Work,Non-New Zealand
2001-04-01,0,Arrivals,Philippines,New Zealand and Australian citizens,Non-New Zealand
2001-04-01,90,Arrivals,Philippines,Other,Non-New Zealand
2001-04-01,0,Arrivals,Philippines,Residence,Non-New Zealand
2001-04-01,0,Arrivals,Philippines,Student,Non-New Zealand
2001-04-01,90,Arrivals,Philippines,TOTAL,Non-New Zealand
2001-04-01,0,Arrivals,Philippines,Visitor,Non-New Zealand
2001-04-01,0,Arrivals,Philippines,Work,Non-New Zealand
2001-05-01,0,Arrivals,Philippines,New Zealand and Australian citizens,Non-New Zealand
2001-05-01,114,Arrivals,Philippines,Other,Non-New Zealand
2001-05-01,0,Arrivals,Philippines,Residence,Non-New Zealand
2001-05-01,0,Arrivals,Philippines,Student,Non-New Zealand
2001-05-01,114,Arrivals,Philippines,TOTAL,Non-New Zealand
2001-05-01,0,Arrivals,Philippines,Visitor,Non-New Zealand
2001-05-01,0,Arrivals,Philippines,Work,Non-New Zealand
2001-06-01,0,Arrivals,Philippines,New Zealand and Australian citizens,Non-New Zealand
2001-06-01,108,Arrivals,Philippines,Other,Non-New Zealand
2001-06-01,0,Arrivals,Philippines,Residence,Non-New Zealand
2001-06-01,0,Arrivals,Philippines,Student,Non-New Zealand
2001-06-01,108,Arrivals,Philippines,TOTAL,Non-New Zealand
2001-06-01,0,Arrivals,Philippines,Visitor,Non-New Zealand
2001-06-01,0,Arrivals,Philippines,Work,Non-New Zealand
2001-07-01,0,Arrivals,Philippines,New Zealand and Australian citizens,Non-New Zealand
2001-07-01,115,Arrivals,Philippines,Other,Non-New Zealand
2001-07-01,0,Arrivals,Philippines,Residence,Non-New Zealand
2001-07-01,0,Arrivals,Philippines,Student,Non-New Zealand
2001-07-01,115,Arrivals,Philippines,TOTAL,Non-New Zealand
2001-07-01,0,Arrivals,Philippines,Visitor,Non-New Zealand
2001-07-01,0,Arrivals,Philippines,Work,Non-New Zealand
2001-08-01,0,Arrivals,Philippines,New Zealand and Australian citizens,Non-New Zealand
2001-08-01,86,Arrivals,Philippines,Other,Non-New Zealand
2001-08-01,0,Arrivals,Philippines,Residence,Non-New Zealand
2001-08-01,0,Arrivals,Philippines,Student,Non-New Zealand
2001-08-01,86,Arrivals,Philippines,TOTAL,Non-New Zealand
2001-08-01,0,Arrivals,Philippines,Visitor,Non-New Zealand
2001-08-01,0,Arrivals,Philippines,Work,Non-New Zealand
2001-09-01,0,Arrivals,Philippines,New Zealand and Australian citizens,Non-New Zealand
2001-09-01,94,Arrivals,Philippines,Other,Non-New Zealand
2001-09-01,0,Arrivals,Philippines,Residence,Non-New Zealand
2001-09-01,0,Arrivals,Philippines,Student,Non-New Zealand
2001-09-01,94,Arrivals,Philippines,TOTAL,Non-New Zealand
2001-09-01,0,Arrivals,Philippines,Visitor,Non-New Zealand
2001-09-01,0,Arrivals,Philippines,Work,Non-New Zealand
2001-10-01,2,Arrivals,Philippines,New Zealand and Australian citizens,Non-New Zealand
2001-10-01,70,Arrivals,Philippines,Other,Non-New Zealand
2001-10-01,0,Arrivals,Philippines,Residence,Non-New Zealand
2001-10-01,0,Arrivals,Philippines,Student,Non-New Zealand
2001-10-01,72,Arrivals,Philippines,TOTAL,Non-New Zealand
2001-10-01,0,Arrivals,Philippines,Visitor,Non-New Zealand
2001-10-01,0,Arrivals,Philippines,Work,Non-New Zealand
2001-11-01,1,Arrivals,Philippines,New Zealand and Australian citizens,Non-New Zealand
2001-11-01,91,Arrivals,Philippines,Other,Non-New Zealand
2001-11-01,0,Arrivals,Philippines,Residence,Non-New Zealand
2001-11-01,0,Arrivals,Philippines,Student,Non-New Zealand
2001-11-01,92,Arrivals,Philippines,TOTAL,Non-New Zealand
2001-11-01,0,Arrivals,Philippines,Visitor,Non-New Zealand
2001-11-01,0,Arrivals,Philippines,Work,Non-New Zealand
2001-12-01,0,Arrivals,Philippines,New Zealand and Australian citizens,Non-New Zealand
2001-12-01,113,Arrivals,Philippines,Other,Non-New Zealand
2001-12-01,0,Arrivals,Philippines,Residence,Non-New Zealand
2001-12-01,0,Arrivals,Philippines,Student,Non-New Zealand
2001-12-01,113,Arrivals,Philippines,TOTAL,Non-New Zealand
2001-12-01,0,Arrivals,Philippines,Visitor,Non-New Zealand
2001-12-01,0,Arrivals,Philippines,Work,Non-New Zealand
2002-01-01,4,Arrivals,Philippines,New Zealand and Australian citizens,Non-New Zealand
2002-01-01,135,Arrivals,Philippines,Other,Non-New Zealand
2002-01-01,0,Arrivals,Philippines,Residence,Non-New Zealand
2002-01-01,0,Arrivals,Philippines,Student,Non-New Zealand
2002-01-01,139,Arrivals,Philippines,TOTAL,Non-New Zealand
2002-01-01,0,Arrivals,Philippines,Visitor,Non-New Zealand
2002-01-01,0,Arrivals,Philippines,Work,Non-New Zealand
2002-02-01,0,Arrivals,Philippines,New Zealand and Australian citizens,Non-New Zealand
2002-02-01,130,Arrivals,Philippines,Other,Non-New Zealand
2002-02-01,0,Arrivals,Philippines,Residence,Non-New Zealand
2002-02-01,0,Arrivals,Philippines,Student,Non-New Zealand
2002-02-01,130,Arrivals,Philippines,TOTAL,Non-New Zealand
2002-02-01,0,Arrivals,Philippines,Visitor,Non-New Zealand
2002-02-01,0,Arrivals,Philippines,Work,Non-New Zealand
2002-03-01,0,Arrivals,Philippines,New Zealand and Australian citizens,Non-New Zealand
2002-03-01,126,Arrivals,Philippines,Other,Non-New Zealand
2002-03-01,0,Arrivals,Philippines,Residence,Non-New Zealand
2002-03-01,0,Arrivals,Philippines,Student,Non-New Zealand
2002-03-01,126,Arrivals,Philippines,TOTAL,Non-New Zealand
2002-03-01,0,Arrivals,Philippines,Visitor,Non-New Zealand
2002-03-01,0,Arrivals,Philippines,Work,Non-New Zealand
2002-04-01,0,Arrivals,Philippines,New Zealand and Australian citizens,Non-New Zealand
2002-04-01,119,Arrivals,Philippines,Other,Non-New Zealand
2002-04-01,0,Arrivals,Philippines,Residence,Non-New Zealand
2002-04-01,0,Arrivals,Philippines,Student,Non-New Zealand
2002-04-01,119,Arrivals,Philippines,TOTAL,Non-New Zealand
2002-04-01,0,Arrivals,Philippines,Visitor,Non-New Zealand
2002-04-01,0,Arrivals,Philippines,Work,Non-New Zealand
2002-05-01,0,Arrivals,Philippines,New Zealand and Australian citizens,Non-New Zealand
2002-05-01,134,Arrivals,Philippines,Other,Non-New Zealand
2002-05-01,0,Arrivals,Philippines,Residence,Non-New Zealand
2002-05-01,0,Arrivals,Philippines,Student,Non-New Zealand
2002-05-01,134,Arrivals,Philippines,TOTAL,Non-New Zealand
2002-05-01,0,Arrivals,Philippines,Visitor,Non-New Zealand
2002-05-01,0,Arrivals,Philippines,Work,Non-New Zealand
2002-06-01,0,Arrivals,Philippines,New Zealand and Australian citizens,Non-New Zealand
2002-06-01,121,Arrivals,Philippines,Other,Non-New Zealand
2002-06-01,0,Arrivals,Philippines,Residence,Non-New Zealand
2002-06-01,0,Arrivals,Philippines,Student,Non-New Zealand
2002-06-01,121,Arrivals,Philippines,TOTAL,Non-New Zealand
2002-06-01,0,Arrivals,Philippines,Visitor,Non-New Zealand
2002-06-01,0,Arrivals,Philippines,Work,Non-New Zealand
2002-07-01,0,Arrivals,Philippines,New Zealand and Australian citizens,Non-New Zealand
2002-07-01,121,Arrivals,Philippines,Other,Non-New Zealand
2002-07-01,0,Arrivals,Philippines,Residence,Non-New Zealand
2002-07-01,0,Arrivals,Philippines,Student,Non-New Zealand
2002-07-01,121,Arrivals,Philippines,TOTAL,Non-New Zealand
2002-07-01,0,Arrivals,Philippines,Visitor,Non-New Zealand
2002-07-01,0,Arrivals,Philippines,Work,Non-New Zealand
2002-08-01,0,Arrivals,Philippines,New Zealand and Australian citizens,Non-New Zealand
2002-08-01,106,Arrivals,Philippines,Other,Non-New Zealand
2002-08-01,0,Arrivals,Philippines,Residence,Non-New Zealand
2002-08-01,0,Arrivals,Philippines,Student,Non-New Zealand
2002-08-01,106,Arrivals,Philippines,TOTAL,Non-New Zealand
2002-08-01,0,Arrivals,Philippines,Visitor,Non-New Zealand
2002-08-01,0,Arrivals,Philippines,Work,Non-New Zealand
2002-09-01,0,Arrivals,Philippines,New Zealand and Australian citizens,Non-New Zealand
2002-09-01,132,Arrivals,Philippines,Other,Non-New Zealand
2002-09-01,0,Arrivals,Philippines,Residence,Non-New Zealand
2002-09-01,0,Arrivals,Philippines,Student,Non-New Zealand
2002-09-01,132,Arrivals,Philippines,TOTAL,Non-New Zealand
2002-09-01,0,Arrivals,Philippines,Visitor,Non-New Zealand
2002-09-01,0,Arrivals,Philippines,Work,Non-New Zealand
2002-10-01,0,Arrivals,Philippines,New Zealand and Australian citizens,Non-New Zealand
2002-10-01,174,Arrivals,Philippines,Other,Non-New Zealand
2002-10-01,0,Arrivals,Philippines,Residence,Non-New Zealand
2002-10-01,0,Arrivals,Philippines,Student,Non-New Zealand
2002-10-01,174,Arrivals,Philippines,TOTAL,Non-New Zealand
2002-10-01,0,Arrivals,Philippines,Visitor,Non-New Zealand
2002-10-01,0,Arrivals,Philippines,Work,Non-New Zealand
2002-11-01,0,Arrivals,Philippines,New Zealand and Australian citizens,Non-New Zealand
2002-11-01,168,Arrivals,Philippines,Other,Non-New Zealand
2002-11-01,0,Arrivals,Philippines,Residence,Non-New Zealand
2002-11-01,0,Arrivals,Philippines,Student,Non-New Zealand
2002-11-01,168,Arrivals,Philippines,TOTAL,Non-New Zealand
2002-11-01,0,Arrivals,Philippines,Visitor,Non-New Zealand
2002-11-01,0,Arrivals,Philippines,Work,Non-New Zealand
2002-12-01,1,Arrivals,Philippines,New Zealand and Australian citizens,Non-New Zealand
2002-12-01,124,Arrivals,Philippines,Other,Non-New Zealand
2002-12-01,0,Arrivals,Philippines,Residence,Non-New Zealand
2002-12-01,0,Arrivals,Philippines,Student,Non-New Zealand
2002-12-01,125,Arrivals,Philippines,TOTAL,Non-New Zealand
2002-12-01,0,Arrivals,Philippines,Visitor,Non-New Zealand
2002-12-01,0,Arrivals,Philippines,Work,Non-New Zealand
2003-01-01,0,Arrivals,Philippines,New Zealand and Australian citizens,Non-New Zealand
2003-01-01,124,Arrivals,Philippines,Other,Non-New Zealand
2003-01-01,0,Arrivals,Philippines,Residence,Non-New Zealand
2003-01-01,0,Arrivals,Philippines,Student,Non-New Zealand
2003-01-01,124,Arrivals,Philippines,TOTAL,Non-New Zealand
2003-01-01,0,Arrivals,Philippines,Visitor,Non-New Zealand
2003-01-01,0,Arrivals,Philippines,Work,Non-New Zealand
2003-02-01,1,Arrivals,Philippines,New Zealand and Australian citizens,Non-New Zealand
2003-02-01,121,Arrivals,Philippines,Other,Non-New Zealand
2003-02-01,0,Arrivals,Philippines,Residence,Non-New Zealand
2003-02-01,0,Arrivals,Philippines,Student,Non-New Zealand
2003-02-01,122,Arrivals,Philippines,TOTAL,Non-New Zealand
2003-02-01,0,Arrivals,Philippines,Visitor,Non-New Zealand
2003-02-01,0,Arrivals,Philippines,Work,Non-New Zealand
2003-03-01,2,Arrivals,Philippines,New Zealand and Australian citizens,Non-New Zealand
2003-03-01,139,Arrivals,Philippines,Other,Non-New Zealand
2003-03-01,0,Arrivals,Philippines,Residence,Non-New Zealand
2003-03-01,0,Arrivals,Philippines,Student,Non-New Zealand
2003-03-01,141,Arrivals,Philippines,TOTAL,Non-New Zealand
2003-03-01,0,Arrivals,Philippines,Visitor,Non-New Zealand
2003-03-01,0,Arrivals,Philippines,Work,Non-New Zealand
2003-04-01,0,Arrivals,Philippines,New Zealand and Australian citizens,Non-New Zealand
2003-04-01,131,Arrivals,Philippines,Other,Non-New Zealand
2003-04-01,0,Arrivals,Philippines,Residence,Non-New Zealand
2003-04-01,0,Arrivals,Philippines,Student,Non-New Zealand
2003-04-01,131,Arrivals,Philippines,TOTAL,Non-New Zealand
2003-04-01,0,Arrivals,Philippines,Visitor,Non-New Zealand
2003-04-01,0,Arrivals,Philippines,Work,Non-New Zealand
2003-05-01,0,Arrivals,Philippines,New Zealand and Australian citizens,Non-New Zealand
2003-05-01,138,Arrivals,Philippines,Other,Non-New Zealand
2003-05-01,0,Arrivals,Philippines,Residence,Non-New Zealand
2003-05-01,0,Arrivals,Philippines,Student,Non-New Zealand
2003-05-01,138,Arrivals,Philippines,TOTAL,Non-New Zealand
2003-05-01,0,Arrivals,Philippines,Visitor,Non-New Zealand
2003-05-01,0,Arrivals,Philippines,Work,Non-New Zealand
2003-06-01,0,Arrivals,Philippines,New Zealand and Australian citizens,Non-New Zealand
2003-06-01,103,Arrivals,Philippines,Other,Non-New Zealand
2003-06-01,0,Arrivals,Philippines,Residence,Non-New Zealand
2003-06-01,0,Arrivals,Philippines,Student,Non-New Zealand
2003-06-01,103,Arrivals,Philippines,TOTAL,Non-New Zealand
2003-06-01,0,Arrivals,Philippines,Visitor,Non-New Zealand
2003-06-01,0,Arrivals,Philippines,Work,Non-New Zealand
2003-07-01,0,Arrivals,Philippines,New Zealand and Australian citizens,Non-New Zealand
2003-07-01,1,Arrivals,Philippines,Other,Non-New Zealand
2003-07-01,60,Arrivals,Philippines,Residence,Non-New Zealand
2003-07-01,7,Arrivals,Philippines,Student,Non-New Zealand
2003-07-01,105,Arrivals,Philippines,TOTAL,Non-New Zealand
2003-07-01,36,Arrivals,Philippines,Visitor,Non-New Zealand
2003-07-01,1,Arrivals,Philippines,Work,Non-New Zealand
2003-08-01,0,Arrivals,Philippines,New Zealand and Australian citizens,Non-New Zealand
2003-08-01,0,Arrivals,Philippines,Other,Non-New Zealand
2003-08-01,32,Arrivals,Philippines,Residence,Non-New Zealand
2003-08-01,7,Arrivals,Philippines,Student,Non-New Zealand
2003-08-01,80,Arrivals,Philippines,TOTAL,Non-New Zealand
2003-08-01,39,Arrivals,Philippines,Visitor,Non-New Zealand
2003-08-01,2,Arrivals,Philippines,Work,Non-New Zealand
2003-09-01,0,Arrivals,Philippines,New Zealand and Australian citizens,Non-New Zealand
2003-09-01,3,Arrivals,Philippines,Other,Non-New Zealand
2003-09-01,35,Arrivals,Philippines,Residence,Non-New Zealand
2003-09-01,2,Arrivals,Philippines,Student,Non-New Zealand
2003-09-01,69,Arrivals,Philippines,TOTAL,Non-New Zealand
2003-09-01,27,Arrivals,Philippines,Visitor,Non-New Zealand
2003-09-01,2,Arrivals,Philippines,Work,Non-New Zealand
2003-10-01,0,Arrivals,Philippines,New Zealand and Australian citizens,Non-New Zealand
2003-10-01,0,Arrivals,Philippines,Other,Non-New Zealand
2003-10-01,48,Arrivals,Philippines,Residence,Non-New Zealand
2003-10-01,3,Arrivals,Philippines,Student,Non-New Zealand
2003-10-01,95,Arrivals,Philippines,TOTAL,Non-New Zealand
2003-10-01,43,Arrivals,Philippines,Visitor,Non-New Zealand
2003-10-01,1,Arrivals,Philippines,Work,Non-New Zealand
2003-11-01,0,Arrivals,Philippines,New Zealand and Australian citizens,Non-New Zealand
2003-11-01,4,Arrivals,Philippines,Other,Non-New Zealand
2003-11-01,40,Arrivals,Philippines,Residence,Non-New Zealand
2003-11-01,5,Arrivals,Philippines,Student,Non-New Zealand
2003-11-01,85,Arrivals,Philippines,TOTAL,Non-New Zealand
2003-11-01,35,Arrivals,Philippines,Visitor,Non-New Zealand
2003-11-01,1,Arrivals,Philippines,Work,Non-New Zealand
2003-12-01,0,Arrivals,Philippines,New Zealand and Australian citizens,Non-New Zealand
2003-12-01,4,Arrivals,Philippines,Other,Non-New Zealand
2003-12-01,21,Arrivals,Philippines,Residence,Non-New Zealand
2003-12-01,1,Arrivals,Philippines,Student,Non-New Zealand
2003-12-01,70,Arrivals,Philippines,TOTAL,Non-New Zealand
2003-12-01,42,Arrivals,Philippines,Visitor,Non-New Zealand
2003-12-01,2,Arrivals,Philippines,Work,Non-New Zealand
2004-01-01,0,Arrivals,Philippines,New Zealand and Australian citizens,Non-New Zealand
2004-01-01,1,Arrivals,Philippines,Other,Non-New Zealand
2004-01-01,15,Arrivals,Philippines,Residence,Non-New Zealand
2004-01-01,5,Arrivals,Philippines,Student,Non-New Zealand
2004-01-01,47,Arrivals,Philippines,TOTAL,Non-New Zealand
2004-01-01,22,Arrivals,Philippines,Visitor,Non-New Zealand
2004-01-01,4,Arrivals,Philippines,Work,Non-New Zealand
2004-02-01,0,Arrivals,Philippines,New Zealand and Australian citizens,Non-New Zealand
2004-02-01,3,Arrivals,Philippines,Other,Non-New Zealand
2004-02-01,11,Arrivals,Philippines,Residence,Non-New Zealand
2004-02-01,19,Arrivals,Philippines,Student,Non-New Zealand
2004-02-01,76,Arrivals,Philippines,TOTAL,Non-New Zealand
2004-02-01,42,Arrivals,Philippines,Visitor,Non-New Zealand
2004-02-01,1,Arrivals,Philippines,Work,Non-New Zealand
2004-03-01,0,Arrivals,Philippines,New Zealand and Australian citizens,Non-New Zealand
2004-03-01,4,Arrivals,Philippines,Other,Non-New Zealand
2004-03-01,21,Arrivals,Philippines,Residence,Non-New Zealand
2004-03-01,7,Arrivals,Philippines,Student,Non-New Zealand
2004-03-01,76,Arrivals,Philippines,TOTAL,Non-New Zealand
2004-03-01,43,Arrivals,Philippines,Visitor,Non-New Zealand
2004-03-01,1,Arrivals,Philippines,Work,Non-New Zealand
2004-04-01,0,Arrivals,Philippines,New Zealand and Australian citizens,Non-New Zealand
2004-04-01,0,Arrivals,Philippines,Other,Non-New Zealand
2004-04-01,18,Arrivals,Philippines,Residence,Non-New Zealand
2004-04-01,7,Arrivals,Philippines,Student,Non-New Zealand
2004-04-01,83,Arrivals,Philippines,TOTAL,Non-New Zealand
2004-04-01,52,Arrivals,Philippines,Visitor,Non-New Zealand
2004-04-01,6,Arrivals,Philippines,Work,Non-New Zealand
2004-05-01,0,Arrivals,Philippines,New Zealand and Australian citizens,Non-New Zealand
2004-05-01,2,Arrivals,Philippines,Other,Non-New Zealand
2004-05-01,15,Arrivals,Philippines,Residence,Non-New Zealand
2004-05-01,2,Arrivals,Philippines,Student,Non-New Zealand
2004-05-01,66,Arrivals,Philippines,TOTAL,Non-New Zealand
2004-05-01,40,Arrivals,Philippines,Visitor,Non-New Zealand
2004-05-01,7,Arrivals,Philippines,Work,Non-New Zealand
2004-06-01,0,Arrivals,Philippines,New Zealand and Australian citizens,Non-New Zealand
2004-06-01,3,Arrivals,Philippines,Other,Non-New Zealand
2004-06-01,27,Arrivals,Philippines,Residence,Non-New Zealand
2004-06-01,3,Arrivals,Philippines,Student,Non-New Zealand
2004-06-01,82,Arrivals,Philippines,TOTAL,Non-New Zealand
2004-06-01,48,Arrivals,Philippines,Visitor,Non-New Zealand
2004-06-01,1,Arrivals,Philippines,Work,Non-New Zealand
2004-07-01,3,Arrivals,Philippines,New Zealand and Australian citizens,Non-New Zealand
2004-07-01,2,Arrivals,Philippines,Other,Non-New Zealand
2004-07-01,29,Arrivals,Philippines,Residence,Non-New Zealand
2004-07-01,12,Arrivals,Philippines,Student,Non-New Zealand
2004-07-01,106,Arrivals,Philippines,TOTAL,Non-New Zealand
2004-07-01,52,Arrivals,Philippines,Visitor,Non-New Zealand
2004-07-01,8,Arrivals,Philippines,Work,Non-New Zealand
2004-08-01,3,Arrivals,Philippines,New Zealand and Australian citizens,Non-New Zealand
2004-08-01,3,Arrivals,Philippines,Other,Non-New Zealand
2004-08-01,25,Arrivals,Philippines,Residence,Non-New Zealand
2004-08-01,13,Arrivals,Philippines,Student,Non-New Zealand
2004-08-01,92,Arrivals,Philippines,TOTAL,Non-New Zealand
2004-08-01,37,Arrivals,Philippines,Visitor,Non-New Zealand
2004-08-01,11,Arrivals,Philippines,Work,Non-New Zealand
2004-09-01,0,Arrivals,Philippines,New Zealand and Australian citizens,Non-New Zealand
2004-09-01,5,Arrivals,Philippines,Other,Non-New Zealand
2004-09-01,29,Arrivals,Philippines,Residence,Non-New Zealand
2004-09-01,6,Arrivals,Philippines,Student,Non-New Zealand
2004-09-01,67,Arrivals,Philippines,TOTAL,Non-New Zealand
2004-09-01,23,Arrivals,Philippines,Visitor,Non-New Zealand
2004-09-01,4,Arrivals,Philippines,Work,Non-New Zealand
2004-10-01,2,Arrivals,Philippines,New Zealand and Australian citizens,Non-New Zealand
2004-10-01,2,Arrivals,Philippines,Other,Non-New Zealand
2004-10-01,34,Arrivals,Philippines,Residence,Non-New Zealand
2004-10-01,6,Arrivals,Philippines,Student,Non-New Zealand
2004-10-01,91,Arrivals,Philippines,TOTAL,Non-New Zealand
2004-10-01,42,Arrivals,Philippines,Visitor,Non-New Zealand
2004-10-01,5,Arrivals,Philippines,Work,Non-New Zealand
2004-11-01,2,Arrivals,Philippines,New Zealand and Australian citizens,Non-New Zealand
2004-11-01,4,Arrivals,Philippines,Other,Non-New Zealand
2004-11-01,15,Arrivals,Philippines,Residence,Non-New Zealand
2004-11-01,7,Arrivals,Philippines,Student,Non-New Zealand
2004-11-01,76,Arrivals,Philippines,TOTAL,Non-New Zealand
2004-11-01,44,Arrivals,Philippines,Visitor,Non-New Zealand
2004-11-01,4,Arrivals,Philippines,Work,Non-New Zealand
2004-12-01,0,Arrivals,Philippines,New Zealand and Australian citizens,Non-New Zealand
2004-12-01,13,Arrivals,Philippines,Other,Non-New Zealand
2004-12-01,15,Arrivals,Philippines,Residence,Non-New Zealand
2004-12-01,13,Arrivals,Philippines,Student,Non-New Zealand
2004-12-01,82,Arrivals,Philippines,TOTAL,Non-New Zealand
2004-12-01,32,Arrivals,Philippines,Visitor,Non-New Zealand
2004-12-01,9,Arrivals,Philippines,Work,Non-New Zealand
2005-01-01,0,Arrivals,Philippines,New Zealand and Australian citizens,Non-New Zealand
2005-01-01,4,Arrivals,Philippines,Other,Non-New Zealand
2005-01-01,23,Arrivals,Philippines,Residence,Non-New Zealand
2005-01-01,7,Arrivals,Philippines,Student,Non-New Zealand
2005-01-01,75,Arrivals,Philippines,TOTAL,Non-New Zealand
2005-01-01,34,Arrivals,Philippines,Visitor,Non-New Zealand
2005-01-01,7,Arrivals,Philippines,Work,Non-New Zealand
2005-02-01,0,Arrivals,Philippines,New Zealand and Australian citizens,Non-New Zealand
2005-02-01,3,Arrivals,Philippines,Other,Non-New Zealand
2005-02-01,16,Arrivals,Philippines,Residence,Non-New Zealand
2005-02-01,21,Arrivals,Philippines,Student,Non-New Zealand
2005-02-01,99,Arrivals,Philippines,TOTAL,Non-New Zealand
2005-02-01,52,Arrivals,Philippines,Visitor,Non-New Zealand
2005-02-01,7,Arrivals,Philippines,Work,Non-New Zealand
2005-03-01,0,Arrivals,Philippines,New Zealand and Australian citizens,Non-New Zealand
2005-03-01,6,Arrivals,Philippines,Other,Non-New Zealand
2005-03-01,13,Arrivals,Philippines,Residence,Non-New Zealand
2005-03-01,4,Arrivals,Philippines,Student,Non-New Zealand
2005-03-01,77,Arrivals,Philippines,TOTAL,Non-New Zealand
2005-03-01,41,Arrivals,Philippines,Visitor,Non-New Zealand
2005-03-01,13,Arrivals,Philippines,Work,Non-New Zealand
2005-04-01,0,Arrivals,Philippines,New Zealand and Australian citizens,Non-New Zealand
2005-04-01,1,Arrivals,Philippines,Other,Non-New Zealand
2005-04-01,37,Arrivals,Philippines,Residence,Non-New Zealand
2005-04-01,14,Arrivals,Philippines,Student,Non-New Zealand
2005-04-01,117,Arrivals,Philippines,TOTAL,Non-New Zealand
2005-04-01,54,Arrivals,Philippines,Visitor,Non-New Zealand
2005-04-01,11,Arrivals,Philippines,Work,Non-New Zealand
2005-05-01,0,Arrivals,Philippines,New Zealand and Australian citizens,Non-New Zealand
2005-05-01,5,Arrivals,Philippines,Other,Non-New Zealand
2005-05-01,44,Arrivals,Philippines,Residence,Non-New Zealand
2005-05-01,13,Arrivals,Philippines,Student,Non-New Zealand
2005-05-01,134,Arrivals,Philippines,TOTAL,Non-New Zealand
2005-05-01,60,Arrivals,Philippines,Visitor,Non-New Zealand
2005-05-01,12,Arrivals,Philippines,Work,Non-New Zealand
2005-06-01,1,Arrivals,Philippines,New Zealand and Australian citizens,Non-New Zealand
2005-06-01,7,Arrivals,Philippines,Other,Non-New Zealand
2005-06-01,31,Arrivals,Philippines,Residence,Non-New Zealand
2005-06-01,17,Arrivals,Philippines,Student,Non-New Zealand
2005-06-01,116,Arrivals,Philippines,TOTAL,Non-New Zealand
2005-06-01,47,Arrivals,Philippines,Visitor,Non-New Zealand
2005-06-01,13,Arrivals,Philippines,Work,Non-New Zealand
2005-07-01,2,Arrivals,Philippines,New Zealand and Australian citizens,Non-New Zealand
2005-07-01,2,Arrivals,Philippines,Other,Non-New Zealand
2005-07-01,12,Arrivals,Philippines,Residence,Non-New Zealand
2005-07-01,20,Arrivals,Philippines,Student,Non-New Zealand
2005-07-01,127,Arrivals,Philippines,TOTAL,Non-New Zealand
2005-07-01,78,Arrivals,Philippines,Visitor,Non-New Zealand
2005-07-01,13,Arrivals,Philippines,Work,Non-New Zealand
2005-08-01,0,Arrivals,Philippines,New Zealand and Australian citizens,Non-New Zealand
2005-08-01,2,Arrivals,Philippines,Other,Non-New Zealand
2005-08-01,11,Arrivals,Philippines,Residence,Non-New Zealand
2005-08-01,8,Arrivals,Philippines,Student,Non-New Zealand
2005-08-01,87,Arrivals,Philippines,TOTAL,Non-New Zealand
2005-08-01,51,Arrivals,Philippines,Visitor,Non-New Zealand
2005-08-01,15,Arrivals,Philippines,Work,Non-New Zealand
2005-09-01,0,Arrivals,Philippines,New Zealand and Australian citizens,Non-New Zealand
2005-09-01,0,Arrivals,Philippines,Other,Non-New Zealand
2005-09-01,23,Arrivals,Philippines,Residence,Non-New Zealand
2005-09-01,4,Arrivals,Philippines,Student,Non-New Zealand
2005-09-01,107,Arrivals,Philippines,TOTAL,Non-New Zealand
2005-09-01,51,Arrivals,Philippines,Visitor,Non-New Zealand
2005-09-01,29,Arrivals,Philippines,Work,Non-New Zealand
2005-10-01,0,Arrivals,Philippines,New Zealand and Australian citizens,Non-New Zealand
2005-10-01,6,Arrivals,Philippines,Other,Non-New Zealand
2005-10-01,22,Arrivals,Philippines,Residence,Non-New Zealand
2005-10-01,12,Arrivals,Philippines,Student,Non-New Zealand
2005-10-01,155,Arrivals,Philippines,TOTAL,Non-New Zealand
2005-10-01,68,Arrivals,Philippines,Visitor,Non-New Zealand
2005-10-01,47,Arrivals,Philippines,Work,Non-New Zealand
2005-11-01,0,Arrivals,Philippines,New Zealand and Australian citizens,Non-New Zealand
2005-11-01,6,Arrivals,Philippines,Other,Non-New Zealand
2005-11-01,18,Arrivals,Philippines,Residence,Non-New Zealand
2005-11-01,13,Arrivals,Philippines,Student,Non-New Zealand
2005-11-01,166,Arrivals,Philippines,TOTAL,Non-New Zealand
2005-11-01,89,Arrivals,Philippines,Visitor,Non-New Zealand
2005-11-01,40,Arrivals,Philippines,Work,Non-New Zealand
2005-12-01,0,Arrivals,Philippines,New Zealand and Australian citizens,Non-New Zealand
2005-12-01,4,Arrivals,Philippines,Other,Non-New Zealand
2005-12-01,29,Arrivals,Philippines,Residence,Non-New Zealand
2005-12-01,44,Arrivals,Philippines,Student,Non-New Zealand
2005-12-01,174,Arrivals,Philippines,TOTAL,Non-New Zealand
2005-12-01,56,Arrivals,Philippines,Visitor,Non-New Zealand
2005-12-01,41,Arrivals,Philippines,Work,Non-New Zealand
2006-01-01,0,Arrivals,Philippines,New Zealand and Australian citizens,Non-New Zealand
2006-01-01,3,Arrivals,Philippines,Other,Non-New Zealand
2006-01-01,19,Arrivals,Philippines,Residence,Non-New Zealand
2006-01-01,42,Arrivals,Philippines,Student,Non-New Zealand
2006-01-01,244,Arrivals,Philippines,TOTAL,Non-New Zealand
2006-01-01,86,Arrivals,Philippines,Visitor,Non-New Zealand
2006-01-01,94,Arrivals,Philippines,Work,Non-New Zealand
2006-02-01,0,Arrivals,Philippines,New Zealand and Australian citizens,Non-New Zealand
2006-02-01,8,Arrivals,Philippines,Other,Non-New Zealand
2006-02-01,18,Arrivals,Philippines,Residence,Non-New Zealand
2006-02-01,41,Arrivals,Philippines,Student,Non-New Zealand
2006-02-01,201,Arrivals,Philippines,TOTAL,Non-New Zealand
2006-02-01,58,Arrivals,Philippines,Visitor,Non-New Zealand
2006-02-01,76,Arrivals,Philippines,Work,Non-New Zealand
2006-03-01,1,Arrivals,Philippines,New Zealand and Australian citizens,Non-New Zealand
2006-03-01,14,Arrivals,Philippines,Other,Non-New Zealand
2006-03-01,31,Arrivals,Philippines,Residence,Non-New Zealand
2006-03-01,38,Arrivals,Philippines,Student,Non-New Zealand
2006-03-01,249,Arrivals,Philippines,TOTAL,Non-New Zealand
2006-03-01,65,Arrivals,Philippines,Visitor,Non-New Zealand
2006-03-01,100,Arrivals,Philippines,Work,Non-New Zealand
2006-04-01,1,Arrivals,Philippines,New Zealand and Australian citizens,Non-New Zealand
2006-04-01,4,Arrivals,Philippines,Other,Non-New Zealand
2006-04-01,20,Arrivals,Philippines,Residence,Non-New Zealand
2006-04-01,46,Arrivals,Philippines,Student,Non-New Zealand
2006-04-01,227,Arrivals,Philippines,TOTAL,Non-New Zealand
2006-04-01,79,Arrivals,Philippines,Visitor,Non-New Zealand
2006-04-01,77,Arrivals,Philippines,Work,Non-New Zealand
2006-05-01,0,Arrivals,Philippines,New Zealand and Australian citizens,Non-New Zealand
2006-05-01,7,Arrivals,Philippines,Other,Non-New Zealand
2006-05-01,21,Arrivals,Philippines,Residence,Non-New Zealand
2006-05-01,43,Arrivals,Philippines,Student,Non-New Zealand
2006-05-01,239,Arrivals,Philippines,TOTAL,Non-New Zealand
2006-05-01,102,Arrivals,Philippines,Visitor,Non-New Zealand
2006-05-01,66,Arrivals,Philippines,Work,Non-New Zealand
2006-06-01,0,Arrivals,Philippines,New Zealand and Australian citizens,Non-New Zealand
2006-06-01,4,Arrivals,Philippines,Other,Non-New Zealand
2006-06-01,30,Arrivals,Philippines,Residence,Non-New Zealand
2006-06-01,47,Arrivals,Philippines,Student,Non-New Zealand
2006-06-01,280,Arrivals,Philippines,TOTAL,Non-New Zealand
2006-06-01,115,Arrivals,Philippines,Visitor,Non-New Zealand
2006-06-01,84,Arrivals,Philippines,Work,Non-New Zealand
2006-07-01,0,Arrivals,Philippines,New Zealand and Australian citizens,Non-New Zealand
2006-07-01,6,Arrivals,Philippines,Other,Non-New Zealand
2006-07-01,31,Arrivals,Philippines,Residence,Non-New Zealand
2006-07-01,57,Arrivals,Philippines,Student,Non-New Zealand
2006-07-01,262,Arrivals,Philippines,TOTAL,Non-New Zealand
2006-07-01,71,Arrivals,Philippines,Visitor,Non-New Zealand
2006-07-01,97,Arrivals,Philippines,Work,Non-New Zealand
2006-08-01,0,Arrivals,Philippines,New Zealand and Australian citizens,Non-New Zealand
2006-08-01,3,Arrivals,Philippines,Other,Non-New Zealand
2006-08-01,26,Arrivals,Philippines,Residence,Non-New Zealand
2006-08-01,58,Arrivals,Philippines,Student,Non-New Zealand
2006-08-01,334,Arrivals,Philippines,TOTAL,Non-New Zealand
2006-08-01,124,Arrivals,Philippines,Visitor,Non-New Zealand
2006-08-01,123,Arrivals,Philippines,Work,Non-New Zealand
2006-09-01,0,Arrivals,Philippines,New Zealand and Australian citizens,Non-New Zealand
2006-09-01,9,Arrivals,Philippines,Other,Non-New Zealand
2006-09-01,23,Arrivals,Philippines,Residence,Non-New Zealand
2006-09-01,70,Arrivals,Philippines,Student,Non-New Zealand
2006-09-01,328,Arrivals,Philippines,TOTAL,Non-New Zealand
2006-09-01,74,Arrivals,Philippines,Visitor,Non-New Zealand
2006-09-01,152,Arrivals,Philippines,Work,Non-New Zealand
2006-10-01,0,Arrivals,Philippines,New Zealand and Australian citizens,Non-New Zealand
2006-10-01,2,Arrivals,Philippines,Other,Non-New Zealand
2006-10-01,31,Arrivals,Philippines,Residence,Non-New Zealand
2006-10-01,101,Arrivals,Philippines,Student,Non-New Zealand
2006-10-01,423,Arrivals,Philippines,TOTAL,Non-New Zealand
2006-10-01,101,Arrivals,Philippines,Visitor,Non-New Zealand
2006-10-01,188,Arrivals,Philippines,Work,Non-New Zealand
2006-11-01,1,Arrivals,Philippines,New Zealand and Australian citizens,Non-New Zealand
2006-11-01,7,Arrivals,Philippines,Other,Non-New Zealand
2006-11-01,34,Arrivals,Philippines,Residence,Non-New Zealand
2006-11-01,83,Arrivals,Philippines,Student,Non-New Zealand
2006-11-01,478,Arrivals,Philippines,TOTAL,Non-New Zealand
2006-11-01,141,Arrivals,Philippines,Visitor,Non-New Zealand
2006-11-01,212,Arrivals,Philippines,Work,Non-New Zealand
2006-12-01,0,Arrivals,Philippines,New Zealand and Australian citizens,Non-New Zealand
2006-12-01,3,Arrivals,Philippines,Other,Non-New Zealand
2006-12-01,34,Arrivals,Philippines,Residence,Non-New Zealand
2006-12-01,105,Arrivals,Philippines,Student,Non-New Zealand
2006-12-01,396,Arrivals,Philippines,TOTAL,Non-New Zealand
2006-12-01,128,Arrivals,Philippines,Visitor,Non-New Zealand
2006-12-01,126,Arrivals,Philippines,Work,Non-New Zealand
2007-01-01,0,Arrivals,Philippines,New Zealand and Australian citizens,Non-New Zealand
2007-01-01,3,Arrivals,Philippines,Other,Non-New Zealand
2007-01-01,31,Arrivals,Philippines,Residence,Non-New Zealand
2007-01-01,59,Arrivals,Philippines,Student,Non-New Zealand
2007-01-01,329,Arrivals,Philippines,TOTAL,Non-New Zealand
2007-01-01,100,Arrivals,Philippines,Visitor,Non-New Zealand
2007-01-01,136,Arrivals,Philippines,Work,Non-New Zealand
2007-02-01,0,Arrivals,Philippines,New Zealand and Australian citizens,Non-New Zealand
2007-02-01,1,Arrivals,Philippines,Other,Non-New Zealand
2007-02-01,32,Arrivals,Philippines,Residence,Non-New Zealand
2007-02-01,73,Arrivals,Philippines,Student,Non-New Zealand
2007-02-01,352,Arrivals,Philippines,TOTAL,Non-New Zealand
2007-02-01,105,Arrivals,Philippines,Visitor,Non-New Zealand
2007-02-01,141,Arrivals,Philippines,Work,Non-New Zealand
2007-03-01,1,Arrivals,Philippines,New Zealand and Australian citizens,Non-New Zealand
2007-03-01,5,Arrivals,Philippines,Other,Non-New Zealand
2007-03-01,35,Arrivals,Philippines,Residence,Non-New Zealand
2007-03-01,84,Arrivals,Philippines,Student,Non-New Zealand
2007-03-01,526,Arrivals,Philippines,TOTAL,Non-New Zealand
2007-03-01,214,Arrivals,Philippines,Visitor,Non-New Zealand
2007-03-01,187,Arrivals,Philippines,Work,Non-New Zealand
2007-04-01,0,Arrivals,Philippines,New Zealand and Australian citizens,Non-New Zealand
2007-04-01,7,Arrivals,Philippines,Other,Non-New Zealand
2007-04-01,34,Arrivals,Philippines,Residence,Non-New Zealand
2007-04-01,94,Arrivals,Philippines,Student,Non-New Zealand
2007-04-01,410,Arrivals,Philippines,TOTAL,Non-New Zealand
2007-04-01,142,Arrivals,Philippines,Visitor,Non-New Zealand
2007-04-01,133,Arrivals,Philippines,Work,Non-New Zealand
2007-05-01,0,Arrivals,Philippines,New Zealand and Australian citizens,Non-New Zealand
2007-05-01,4,Arrivals,Philippines,Other,Non-New Zealand
2007-05-01,37,Arrivals,Philippines,Residence,Non-New Zealand
2007-05-01,85,Arrivals,Philippines,Student,Non-New Zealand
2007-05-01,444,Arrivals,Philippines,TOTAL,Non-New Zealand
2007-05-01,196,Arrivals,Philippines,Visitor,Non-New Zealand
2007-05-01,122,Arrivals,Philippines,Work,Non-New Zealand
2007-06-01,0,Arrivals,Philippines,New Zealand and Australian citizens,Non-New Zealand
2007-06-01,5,Arrivals,Philippines,Other,Non-New Zealand
2007-06-01,55,Arrivals,Philippines,Residence,Non-New Zealand
2007-06-01,71,Arrivals,Philippines,Student,Non-New Zealand
2007-06-01,481,Arrivals,Philippines,TOTAL,Non-New Zealand
2007-06-01,163,Arrivals,Philippines,Visitor,Non-New Zealand
2007-06-01,187,Arrivals,Philippines,Work,Non-New Zealand
2007-07-01,0,Arrivals,Philippines,New Zealand and Australian citizens,Non-New Zealand
2007-07-01,3,Arrivals,Philippines,Other,Non-New Zealand
2007-07-01,55,Arrivals,Philippines,Residence,Non-New Zealand
2007-07-01,75,Arrivals,Philippines,Student,Non-New Zealand
2007-07-01,385,Arrivals,Philippines,TOTAL,Non-New Zealand
2007-07-01,107,Arrivals,Philippines,Visitor,Non-New Zealand
2007-07-01,145,Arrivals,Philippines,Work,Non-New Zealand
2007-08-01,0,Arrivals,Philippines,New Zealand and Australian citizens,Non-New Zealand
2007-08-01,3,Arrivals,Philippines,Other,Non-New Zealand
2007-08-01,42,Arrivals,Philippines,Residence,Non-New Zealand
2007-08-01,104,Arrivals,Philippines,Student,Non-New Zealand
2007-08-01,526,Arrivals,Philippines,TOTAL,Non-New Zealand
2007-08-01,154,Arrivals,Philippines,Visitor,Non-New Zealand
2007-08-01,223,Arrivals,Philippines,Work,Non-New Zealand
2007-09-01,0,Arrivals,Philippines,New Zealand and Australian citizens,Non-New Zealand
2007-09-01,7,Arrivals,Philippines,Other,Non-New Zealand
2007-09-01,24,Arrivals,Philippines,Residence,Non-New Zealand
2007-09-01,72,Arrivals,Philippines,Student,Non-New Zealand
2007-09-01,531,Arrivals,Philippines,TOTAL,Non-New Zealand
2007-09-01,168,Arrivals,Philippines,Visitor,Non-New Zealand
2007-09-01,260,Arrivals,Philippines,Work,Non-New Zealand
2007-10-01,0,Arrivals,Philippines,New Zealand and Australian citizens,Non-New Zealand
2007-10-01,3,Arrivals,Philippines,Other,Non-New Zealand
2007-10-01,41,Arrivals,Philippines,Residence,Non-New Zealand
2007-10-01,51,Arrivals,Philippines,Student,Non-New Zealand
2007-10-01,390,Arrivals,Philippines,TOTAL,Non-New Zealand
2007-10-01,140,Arrivals,Philippines,Visitor,Non-New Zealand
2007-10-01,155,Arrivals,Philippines,Work,Non-New Zealand
2007-11-01,0,Arrivals,Philippines,New Zealand and Australian citizens,Non-New Zealand
2007-11-01,3,Arrivals,Philippines,Other,Non-New Zealand
2007-11-01,49,Arrivals,Philippines,Residence,Non-New Zealand
2007-11-01,65,Arrivals,Philippines,Student,Non-New Zealand
2007-11-01,392,Arrivals,Philippines,TOTAL,Non-New Zealand
2007-11-01,143,Arrivals,Philippines,Visitor,Non-New Zealand
2007-11-01,132,Arrivals,Philippines,Work,Non-New Zealand
2007-12-01,0,Arrivals,Philippines,New Zealand and Australian citizens,Non-New Zealand
2007-12-01,8,Arrivals,Philippines,Other,Non-New Zealand
2007-12-01,52,Arrivals,Philippines,Residence,Non-New Zealand
2007-12-01,66,Arrivals,Philippines,Student,Non-New Zealand
2007-12-01,374,Arrivals,Philippines,TOTAL,Non-New Zealand
2007-12-01,100,Arrivals,Philippines,Visitor,Non-New Zealand
2007-12-01,148,Arrivals,Philippines,Work,Non-New Zealand
2008-01-01,0,Arrivals,Philippines,New Zealand and Australian citizens,Non-New Zealand
2008-01-01,2,Arrivals,Philippines,Other,Non-New Zealand
2008-01-01,25,Arrivals,Philippines,Residence,Non-New Zealand
2008-01-01,45,Arrivals,Philippines,Student,Non-New Zealand
2008-01-01,322,Arrivals,Philippines,TOTAL,Non-New Zealand
2008-01-01,102,Arrivals,Philippines,Visitor,Non-New Zealand
2008-01-01,148,Arrivals,Philippines,Work,Non-New Zealand
2008-02-01,0,Arrivals,Philippines,New Zealand and Australian citizens,Non-New Zealand
2008-02-01,13,Arrivals,Philippines,Other,Non-New Zealand
2008-02-01,45,Arrivals,Philippines,Residence,Non-New Zealand
2008-02-01,88,Arrivals,Philippines,Student,Non-New Zealand
2008-02-01,520,Arrivals,Philippines,TOTAL,Non-New Zealand
2008-02-01,187,Arrivals,Philippines,Visitor,Non-New Zealand
2008-02-01,187,Arrivals,Philippines,Work,Non-New Zealand
2008-03-01,0,Arrivals,Philippines,New Zealand and Australian citizens,Non-New Zealand
2008-03-01,4,Arrivals,Philippines,Other,Non-New Zealand
2008-03-01,47,Arrivals,Philippines,Residence,Non-New Zealand
2008-03-01,69,Arrivals,Philippines,Student,Non-New Zealand
2008-03-01,496,Arrivals,Philippines,TOTAL,Non-New Zealand
2008-03-01,143,Arrivals,Philippines,Visitor,Non-New Zealand
2008-03-01,233,Arrivals,Philippines,Work,Non-New Zealand
2008-04-01,0,Arrivals,Philippines,New Zealand and Australian citizens,Non-New Zealand
2008-04-01,1,Arrivals,Philippines,Other,Non-New Zealand
2008-04-01,90,Arrivals,Philippines,Residence,Non-New Zealand
2008-04-01,99,Arrivals,Philippines,Student,Non-New Zealand
2008-04-01,521,Arrivals,Philippines,TOTAL,Non-New Zealand
2008-04-01,191,Arrivals,Philippines,Visitor,Non-New Zealand
2008-04-01,140,Arrivals,Philippines,Work,Non-New Zealand
2008-05-01,0,Arrivals,Philippines,New Zealand and Australian citizens,Non-New Zealand
2008-05-01,4,Arrivals,Philippines,Other,Non-New Zealand
2008-05-01,55,Arrivals,Philippines,Residence,Non-New Zealand
2008-05-01,100,Arrivals,Philippines,Student,Non-New Zealand
2008-05-01,570,Arrivals,Philippines,TOTAL,Non-New Zealand
2008-05-01,229,Arrivals,Philippines,Visitor,Non-New Zealand
2008-05-01,182,Arrivals,Philippines,Work,Non-New Zealand
2008-06-01,0,Arrivals,Philippines,New Zealand and Australian citizens,Non-New Zealand
2008-06-01,4,Arrivals,Philippines,Other,Non-New Zealand
2008-06-01,72,Arrivals,Philippines,Residence,Non-New Zealand
2008-06-01,134,Arrivals,Philippines,Student,Non-New Zealand
2008-06-01,661,Arrivals,Philippines,TOTAL,Non-New Zealand
2008-06-01,192,Arrivals,Philippines,Visitor,Non-New Zealand
2008-06-01,259,Arrivals,Philippines,Work,Non-New Zealand
2008-07-01,0,Arrivals,Philippines,New Zealand and Australian citizens,Non-New Zealand
2008-07-01,6,Arrivals,Philippines,Other,Non-New Zealand
2008-07-01,57,Arrivals,Philippines,Residence,Non-New Zealand
2008-07-01,100,Arrivals,Philippines,Student,Non-New Zealand
2008-07-01,565,Arrivals,Philippines,TOTAL,Non-New Zealand
2008-07-01,152,Arrivals,Philippines,Visitor,Non-New Zealand
2008-07-01,250,Arrivals,Philippines,Work,Non-New Zealand
2008-08-01,1,Arrivals,Philippines,New Zealand and Australian citizens,Non-New Zealand
2008-08-01,3,Arrivals,Philippines,Other,Non-New Zealand
2008-08-01,74,Arrivals,Philippines,Residence,Non-New Zealand
2008-08-01,117,Arrivals,Philippines,Student,Non-New Zealand
2008-08-01,589,Arrivals,Philippines,TOTAL,Non-New Zealand
2008-08-01,141,Arrivals,Philippines,Visitor,Non-New Zealand
2008-08-01,253,Arrivals,Philippines,Work,Non-New Zealand
2008-09-01,0,Arrivals,Philippines,New Zealand and Australian citizens,Non-New Zealand
2008-09-01,6,Arrivals,Philippines,Other,Non-New Zealand
2008-09-01,57,Arrivals,Philippines,Residence,Non-New Zealand
2008-09-01,95,Arrivals,Philippines,Student,Non-New Zealand
2008-09-01,479,Arrivals,Philippines,TOTAL,Non-New Zealand
2008-09-01,136,Arrivals,Philippines,Visitor,Non-New Zealand
2008-09-01,185,Arrivals,Philippines,Work,Non-New Zealand
2008-10-01,0,Arrivals,Philippines,New Zealand and Australian citizens,Non-New Zealand
2008-10-01,2,Arrivals,Philippines,Other,Non-New Zealand
2008-10-01,41,Arrivals,Philippines,Residence,Non-New Zealand
2008-10-01,56,Arrivals,Philippines,Student,Non-New Zealand
2008-10-01,389,Arrivals,Philippines,TOTAL,Non-New Zealand
2008-10-01,130,Arrivals,Philippines,Visitor,Non-New Zealand
2008-10-01,160,Arrivals,Philippines,Work,Non-New Zealand
2008-11-01,1,Arrivals,Philippines,New Zealand and Australian citizens,Non-New Zealand
2008-11-01,5,Arrivals,Philippines,Other,Non-New Zealand
2008-11-01,56,Arrivals,Philippines,Residence,Non-New Zealand
2008-11-01,82,Arrivals,Philippines,Student,Non-New Zealand
2008-11-01,365,Arrivals,Philippines,TOTAL,Non-New Zealand
2008-11-01,88,Arrivals,Philippines,Visitor,Non-New Zealand
2008-11-01,133,Arrivals,Philippines,Work,Non-New Zealand
2008-12-01,1,Arrivals,Philippines,New Zealand and Australian citizens,Non-New Zealand
2008-12-01,5,Arrivals,Philippines,Other,Non-New Zealand
2008-12-01,42,Arrivals,Philippines,Residence,Non-New Zealand
2008-12-01,95,Arrivals,Philippines,Student,Non-New Zealand
2008-12-01,346,Arrivals,Philippines,TOTAL,Non-New Zealand
2008-12-01,84,Arrivals,Philippines,Visitor,Non-New Zealand
2008-12-01,119,Arrivals,Philippines,Work,Non-New Zealand
2009-01-01,0,Arrivals,Philippines,New Zealand and Australian citizens,Non-New Zealand
2009-01-01,2,Arrivals,Philippines,Other,Non-New Zealand
2009-01-01,53,Arrivals,Philippines,Residence,Non-New Zealand
2009-01-01,80,Arrivals,Philippines,Student,Non-New Zealand
2009-01-01,289,Arrivals,Philippines,TOTAL,Non-New Zealand
2009-01-01,48,Arrivals,Philippines,Visitor,Non-New Zealand
2009-01-01,106,Arrivals,Philippines,Work,Non-New Zealand
2009-02-01,1,Arrivals,Philippines,New Zealand and Australian citizens,Non-New Zealand
2009-02-01,5,Arrivals,Philippines,Other,Non-New Zealand
2009-02-01,36,Arrivals,Philippines,Residence,Non-New Zealand
2009-02-01,106,Arrivals,Philippines,Student,Non-New Zealand
2009-02-01,382,Arrivals,Philippines,TOTAL,Non-New Zealand
2009-02-01,87,Arrivals,Philippines,Visitor,Non-New Zealand
2009-02-01,147,Arrivals,Philippines,Work,Non-New Zealand
2009-03-01,0,Arrivals,Philippines,New Zealand and Australian citizens,Non-New Zealand
2009-03-01,4,Arrivals,Philippines,Other,Non-New Zealand
2009-03-01,50,Arrivals,Philippines,Residence,Non-New Zealand
2009-03-01,61,Arrivals,Philippines,Student,Non-New Zealand
2009-03-01,298,Arrivals,Philippines,TOTAL,Non-New Zealand
2009-03-01,59,Arrivals,Philippines,Visitor,Non-New Zealand
2009-03-01,124,Arrivals,Philippines,Work,Non-New Zealand
2009-04-01,0,Arrivals,Philippines,New Zealand and Australian citizens,Non-New Zealand
2009-04-01,2,Arrivals,Philippines,Other,Non-New Zealand
2009-04-01,80,Arrivals,Philippines,Residence,Non-New Zealand
2009-04-01,98,Arrivals,Philippines,Student,Non-New Zealand
2009-04-01,355,Arrivals,Philippines,TOTAL,Non-New Zealand
2009-04-01,69,Arrivals,Philippines,Visitor,Non-New Zealand
2009-04-01,106,Arrivals,Philippines,Work,Non-New Zealand
2009-05-01,0,Arrivals,Philippines,New Zealand and Australian citizens,Non-New Zealand
2009-05-01,2,Arrivals,Philippines,Other,Non-New Zealand
2009-05-01,55,Arrivals,Philippines,Residence,Non-New Zealand
2009-05-01,72,Arrivals,Philippines,Student,Non-New Zealand
2009-05-01,361,Arrivals,Philippines,TOTAL,Non-New Zealand
2009-05-01,89,Arrivals,Philippines,Visitor,Non-New Zealand
2009-05-01,143,Arrivals,Philippines,Work,Non-New Zealand
2009-06-01,0,Arrivals,Philippines,New Zealand and Australian citizens,Non-New Zealand
2009-06-01,2,Arrivals,Philippines,Other,Non-New Zealand
2009-06-01,55,Arrivals,Philippines,Residence,Non-New Zealand
2009-06-01,94,Arrivals,Philippines,Student,Non-New Zealand
2009-06-01,369,Arrivals,Philippines,TOTAL,Non-New Zealand
2009-06-01,72,Arrivals,Philippines,Visitor,Non-New Zealand
2009-06-01,146,Arrivals,Philippines,Work,Non-New Zealand
2009-07-01,1,Arrivals,Philippines,New Zealand and Australian citizens,Non-New Zealand
2009-07-01,6,Arrivals,Philippines,Other,Non-New Zealand
2009-07-01,56,Arrivals,Philippines,Residence,Non-New Zealand
2009-07-01,95,Arrivals,Philippines,Student,Non-New Zealand
2009-07-01,314,Arrivals,Philippines,TOTAL,Non-New Zealand
2009-07-01,62,Arrivals,Philippines,Visitor,Non-New Zealand
2009-07-01,94,Arrivals,Philippines,Work,Non-New Zealand
2009-08-01,0,Arrivals,Philippines,New Zealand and Australian citizens,Non-New Zealand
2009-08-01,6,Arrivals,Philippines,Other,Non-New Zealand
2009-08-01,35,Arrivals,Philippines,Residence,Non-New Zealand
2009-08-01,66,Arrivals,Philippines,Student,Non-New Zealand
2009-08-01,266,Arrivals,Philippines,TOTAL,Non-New Zealand
2009-08-01,61,Arrivals,Philippines,Visitor,Non-New Zealand
2009-08-01,98,Arrivals,Philippines,Work,Non-New Zealand
2009-09-01,0,Arrivals,Philippines,New Zealand and Australian citizens,Non-New Zealand
2009-09-01,3,Arrivals,Philippines,Other,Non-New Zealand
2009-09-01,47,Arrivals,Philippines,Residence,Non-New Zealand
2009-09-01,74,Arrivals,Philippines,Student,Non-New Zealand
2009-09-01,310,Arrivals,Philippines,TOTAL,Non-New Zealand
2009-09-01,83,Arrivals,Philippines,Visitor,Non-New Zealand
2009-09-01,103,Arrivals,Philippines,Work,Non-New Zealand
2009-10-01,1,Arrivals,Philippines,New Zealand and Australian citizens,Non-New Zealand
2009-10-01,3,Arrivals,Philippines,Other,Non-New Zealand
2009-10-01,26,Arrivals,Philippines,Residence,Non-New Zealand
2009-10-01,39,Arrivals,Philippines,Student,Non-New Zealand
2009-10-01,205,Arrivals,Philippines,TOTAL,Non-New Zealand
2009-10-01,79,Arrivals,Philippines,Visitor,Non-New Zealand
2009-10-01,57,Arrivals,Philippines,Work,Non-New Zealand
2009-11-01,0,Arrivals,Philippines,New Zealand and Australian citizens,Non-New Zealand
2009-11-01,2,Arrivals,Philippines,Other,Non-New Zealand
2009-11-01,34,Arrivals,Philippines,Residence,Non-New Zealand
2009-11-01,37,Arrivals,Philippines,Student,Non-New Zealand
2009-11-01,176,Arrivals,Philippines,TOTAL,Non-New Zealand
2009-11-01,53,Arrivals,Philippines,Visitor,Non-New Zealand
2009-11-01,50,Arrivals,Philippines,Work,Non-New Zealand
2009-12-01,0,Arrivals,Philippines,New Zealand and Australian citizens,Non-New Zealand
2009-12-01,4,Arrivals,Philippines,Other,Non-New Zealand
2009-12-01,53,Arrivals,Philippines,Residence,Non-New Zealand
2009-12-01,38,Arrivals,Philippines,Student,Non-New Zealand
2009-12-01,182,Arrivals,Philippines,TOTAL,Non-New Zealand
2009-12-01,40,Arrivals,Philippines,Visitor,Non-New Zealand
2009-12-01,47,Arrivals,Philippines,Work,Non-New Zealand
2010-01-01,0,Arrivals,Philippines,New Zealand and Australian citizens,Non-New Zealand
2010-01-01,0,Arrivals,Philippines,Other,Non-New Zealand
2010-01-01,59,Arrivals,Philippines,Residence,Non-New Zealand
2010-01-01,42,Arrivals,Philippines,Student,Non-New Zealand
2010-01-01,196,Arrivals,Philippines,TOTAL,Non-New Zealand
2010-01-01,52,Arrivals,Philippines,Visitor,Non-New Zealand
2010-01-01,43,Arrivals,Philippines,Work,Non-New Zealand
2010-02-01,0,Arrivals,Philippines,New Zealand and Australian citizens,Non-New Zealand
2010-02-01,8,Arrivals,Philippines,Other,Non-New Zealand
2010-02-01,26,Arrivals,Philippines,Residence,Non-New Zealand
2010-02-01,52,Arrivals,Philippines,Student,Non-New Zealand
2010-02-01,221,Arrivals,Philippines,TOTAL,Non-New Zealand
2010-02-01,69,Arrivals,Philippines,Visitor,Non-New Zealand
2010-02-01,66,Arrivals,Philippines,Work,Non-New Zealand
2010-03-01,0,Arrivals,Philippines,New Zealand and Australian citizens,Non-New Zealand
2010-03-01,2,Arrivals,Philippines,Other,Non-New Zealand
2010-03-01,62,Arrivals,Philippines,Residence,Non-New Zealand
2010-03-01,45,Arrivals,Philippines,Student,Non-New Zealand
2010-03-01,234,Arrivals,Philippines,TOTAL,Non-New Zealand
2010-03-01,71,Arrivals,Philippines,Visitor,Non-New Zealand
2010-03-01,54,Arrivals,Philippines,Work,Non-New Zealand
2010-04-01,0,Arrivals,Philippines,New Zealand and Australian citizens,Non-New Zealand
2010-04-01,0,Arrivals,Philippines,Other,Non-New Zealand
2010-04-01,71,Arrivals,Philippines,Residence,Non-New Zealand
2010-04-01,53,Arrivals,Philippines,Student,Non-New Zealand
2010-04-01,232,Arrivals,Philippines,TOTAL,Non-New Zealand
2010-04-01,72,Arrivals,Philippines,Visitor,Non-New Zealand
2010-04-01,36,Arrivals,Philippines,Work,Non-New Zealand
2010-05-01,0,Arrivals,Philippines,New Zealand and Australian citizens,Non-New Zealand
2010-05-01,5,Arrivals,Philippines,Other,Non-New Zealand
2010-05-01,86,Arrivals,Philippines,Residence,Non-New Zealand
2010-05-01,56,Arrivals,Philippines,Student,Non-New Zealand
2010-05-01,257,Arrivals,Philippines,TOTAL,Non-New Zealand
2010-05-01,68,Arrivals,Philippines,Visitor,Non-New Zealand
2010-05-01,42,Arrivals,Philippines,Work,Non-New Zealand
2010-06-01,0,Arrivals,Philippines,New Zealand and Australian citizens,Non-New Zealand
2010-06-01,9,Arrivals,Philippines,Other,Non-New Zealand
2010-06-01,67,Arrivals,Philippines,Residence,Non-New Zealand
2010-06-01,65,Arrivals,Philippines,Student,Non-New Zealand
2010-06-01,265,Arrivals,Philippines,TOTAL,Non-New Zealand
2010-06-01,70,Arrivals,Philippines,Visitor,Non-New Zealand
2010-06-01,54,Arrivals,Philippines,Work,Non-New Zealand
2010-07-01,0,Arrivals,Philippines,New Zealand and Australian citizens,Non-New Zealand
2010-07-01,4,Arrivals,Philippines,Other,Non-New Zealand
2010-07-01,58,Arrivals,Philippines,Residence,Non-New Zealand
2010-07-01,103,Arrivals,Philippines,Student,Non-New Zealand
2010-07-01,266,Arrivals,Philippines,TOTAL,Non-New Zealand
2010-07-01,53,Arrivals,Philippines,Visitor,Non-New Zealand
2010-07-01,48,Arrivals,Philippines,Work,Non-New Zealand
2010-08-01,0,Arrivals,Philippines,New Zealand and Australian citizens,Non-New Zealand
2010-08-01,2,Arrivals,Philippines,Other,Non-New Zealand
2010-08-01,61,Arrivals,Philippines,Residence,Non-New Zealand
2010-08-01,93,Arrivals,Philippines,Student,Non-New Zealand
2010-08-01,291,Arrivals,Philippines,TOTAL,Non-New Zealand
2010-08-01,74,Arrivals,Philippines,Visitor,Non-New Zealand
2010-08-01,61,Arrivals,Philippines,Work,Non-New Zealand
2010-09-01,0,Arrivals,Philippines,New Zealand and Australian citizens,Non-New Zealand
2010-09-01,4,Arrivals,Philippines,Other,Non-New Zealand
2010-09-01,59,Arrivals,Philippines,Residence,Non-New Zealand
2010-09-01,91,Arrivals,Philippines,Student,Non-New Zealand
2010-09-01,249,Arrivals,Philippines,TOTAL,Non-New Zealand
2010-09-01,42,Arrivals,Philippines,Visitor,Non-New Zealand
2010-09-01,53,Arrivals,Philippines,Work,Non-New Zealand
2010-10-01,0,Arrivals,Philippines,New Zealand and Australian citizens,Non-New Zealand
2010-10-01,4,Arrivals,Philippines,Other,Non-New Zealand
2010-10-01,46,Arrivals,Philippines,Residence,Non-New Zealand
2010-10-01,82,Arrivals,Philippines,Student,Non-New Zealand
2010-10-01,307,Arrivals,Philippines,TOTAL,Non-New Zealand
2010-10-01,114,Arrivals,Philippines,Visitor,Non-New Zealand
2010-10-01,61,Arrivals,Philippines,Work,Non-New Zealand
2010-11-01,0,Arrivals,Philippines,New Zealand and Australian citizens,Non-New Zealand
2010-11-01,8,Arrivals,Philippines,Other,Non-New Zealand
2010-11-01,40,Arrivals,Philippines,Residence,Non-New Zealand
2010-11-01,54,Arrivals,Philippines,Student,Non-New Zealand
2010-11-01,216,Arrivals,Philippines,TOTAL,Non-New Zealand
2010-11-01,43,Arrivals,Philippines,Visitor,Non-New Zealand
2010-11-01,71,Arrivals,Philippines,Work,Non-New Zealand
2010-12-01,0,Arrivals,Philippines,New Zealand and Australian citizens,Non-New Zealand
2010-12-01,12,Arrivals,Philippines,Other,Non-New Zealand
2010-12-01,43,Arrivals,Philippines,Residence,Non-New Zealand
2010-12-01,56,Arrivals,Philippines,Student,Non-New Zealand
2010-12-01,199,Arrivals,Philippines,TOTAL,Non-New Zealand
2010-12-01,40,Arrivals,Philippines,Visitor,Non-New Zealand
2010-12-01,48,Arrivals,Philippines,Work,Non-New Zealand
2011-01-01,0,Arrivals,Philippines,New Zealand and Australian citizens,Non-New Zealand
2011-01-01,2,Arrivals,Philippines,Other,Non-New Zealand
2011-01-01,56,Arrivals,Philippines,Residence,Non-New Zealand
2011-01-01,57,Arrivals,Philippines,Student,Non-New Zealand
2011-01-01,224,Arrivals,Philippines,TOTAL,Non-New Zealand
2011-01-01,37,Arrivals,Philippines,Visitor,Non-New Zealand
2011-01-01,72,Arrivals,Philippines,Work,Non-New Zealand
2011-02-01,0,Arrivals,Philippines,New Zealand and Australian citizens,Non-New Zealand
2011-02-01,4,Arrivals,Philippines,Other,Non-New Zealand
2011-02-01,46,Arrivals,Philippines,Residence,Non-New Zealand
2011-02-01,111,Arrivals,Philippines,Student,Non-New Zealand
2011-02-01,340,Arrivals,Philippines,TOTAL,Non-New Zealand
2011-02-01,97,Arrivals,Philippines,Visitor,Non-New Zealand
2011-02-01,82,Arrivals,Philippines,Work,Non-New Zealand
2011-03-01,1,Arrivals,Philippines,New Zealand and Australian citizens,Non-New Zealand
2011-03-01,6,Arrivals,Philippines,Other,Non-New Zealand
2011-03-01,17,Arrivals,Philippines,Residence,Non-New Zealand
2011-03-01,62,Arrivals,Philippines,Student,Non-New Zealand
2011-03-01,242,Arrivals,Philippines,TOTAL,Non-New Zealand
2011-03-01,83,Arrivals,Philippines,Visitor,Non-New Zealand
2011-03-01,73,Arrivals,Philippines,Work,Non-New Zealand
2011-04-01,0,Arrivals,Philippines,New Zealand and Australian citizens,Non-New Zealand
2011-04-01,9,Arrivals,Philippines,Other,Non-New Zealand
2011-04-01,105,Arrivals,Philippines,Residence,Non-New Zealand
2011-04-01,46,Arrivals,Philippines,Student,Non-New Zealand
2011-04-01,281,Arrivals,Philippines,TOTAL,Non-New Zealand
2011-04-01,63,Arrivals,Philippines,Visitor,Non-New Zealand
2011-04-01,58,Arrivals,Philippines,Work,Non-New Zealand
2011-05-01,1,Arrivals,Philippines,New Zealand and Australian citizens,Non-New Zealand
2011-05-01,10,Arrivals,Philippines,Other,Non-New Zealand
2011-05-01,55,Arrivals,Philippines,Residence,Non-New Zealand
2011-05-01,57,Arrivals,Philippines,Student,Non-New Zealand
2011-05-01,263,Arrivals,Philippines,TOTAL,Non-New Zealand
2011-05-01,78,Arrivals,Philippines,Visitor,Non-New Zealand
2011-05-01,62,Arrivals,Philippines,Work,Non-New Zealand
2011-06-01,1,Arrivals,Philippines,New Zealand and Australian citizens,Non-New Zealand
2011-06-01,14,Arrivals,Philippines,Other,Non-New Zealand
2011-06-01,67,Arrivals,Philippines,Residence,Non-New Zealand
2011-06-01,91,Arrivals,Philippines,Student,Non-New Zealand
2011-06-01,334,Arrivals,Philippines,TOTAL,Non-New Zealand
2011-06-01,89,Arrivals,Philippines,Visitor,Non-New Zealand
2011-06-01,72,Arrivals,Philippines,Work,Non-New Zealand
2011-07-01,0,Arrivals,Philippines,New Zealand and Australian citizens,Non-New Zealand
2011-07-01,7,Arrivals,Philippines,Other,Non-New Zealand
2011-07-01,34,Arrivals,Philippines,Residence,Non-New Zealand
2011-07-01,165,Arrivals,Philippines,Student,Non-New Zealand
2011-07-01,362,Arrivals,Philippines,TOTAL,Non-New Zealand
2011-07-01,70,Arrivals,Philippines,Visitor,Non-New Zealand
2011-07-01,86,Arrivals,Philippines,Work,Non-New Zealand
2011-08-01,0,Arrivals,Philippines,New Zealand and Australian citizens,Non-New Zealand
2011-08-01,11,Arrivals,Philippines,Other,Non-New Zealand
2011-08-01,53,Arrivals,Philippines,Residence,Non-New Zealand
2011-08-01,59,Arrivals,Philippines,Student,Non-New Zealand
2011-08-01,241,Arrivals,Philippines,TOTAL,Non-New Zealand
2011-08-01,42,Arrivals,Philippines,Visitor,Non-New Zealand
2011-08-01,76,Arrivals,Philippines,Work,Non-New Zealand
2011-09-01,1,Arrivals,Philippines,New Zealand and Australian citizens,Non-New Zealand
2011-09-01,3,Arrivals,Philippines,Other,Non-New Zealand
2011-09-01,34,Arrivals,Philippines,Residence,Non-New Zealand
2011-09-01,61,Arrivals,Philippines,Student,Non-New Zealand
2011-09-01,221,Arrivals,Philippines,TOTAL,Non-New Zealand
2011-09-01,64,Arrivals,Philippines,Visitor,Non-New Zealand
2011-09-01,58,Arrivals,Philippines,Work,Non-New Zealand
2011-10-01,0,Arrivals,Philippines,New Zealand and Australian citizens,Non-New Zealand
2011-10-01,3,Arrivals,Philippines,Other,Non-New Zealand
2011-10-01,33,Arrivals,Philippines,Residence,Non-New Zealand
2011-10-01,37,Arrivals,Philippines,Student,Non-New Zealand
2011-10-01,199,Arrivals,Philippines,TOTAL,Non-New Zealand
2011-10-01,65,Arrivals,Philippines,Visitor,Non-New Zealand
2011-10-01,61,Arrivals,Philippines,Work,Non-New Zealand
2011-11-01,0,Arrivals,Philippines,New Zealand and Australian citizens,Non-New Zealand
2011-11-01,7,Arrivals,Philippines,Other,Non-New Zealand
2011-11-01,36,Arrivals,Philippines,Residence,Non-New Zealand
2011-11-01,85,Arrivals,Philippines,Student,Non-New Zealand
2011-11-01,289,Arrivals,Philippines,TOTAL,Non-New Zealand
2011-11-01,60,Arrivals,Philippines,Visitor,Non-New Zealand
2011-11-01,101,Arrivals,Philippines,Work,Non-New Zealand
2011-12-01,0,Arrivals,Philippines,New Zealand and Australian citizens,Non-New Zealand
2011-12-01,11,Arrivals,Philippines,Other,Non-New Zealand
2011-12-01,49,Arrivals,Philippines,Residence,Non-New Zealand
2011-12-01,42,Arrivals,Philippines,Student,Non-New Zealand
2011-12-01,221,Arrivals,Philippines,TOTAL,Non-New Zealand
2011-12-01,63,Arrivals,Philippines,Visitor,Non-New Zealand
2011-12-01,56,Arrivals,Philippines,Work,Non-New Zealand
2012-01-01,0,Arrivals,Philippines,New Zealand and Australian citizens,Non-New Zealand
2012-01-01,3,Arrivals,Philippines,Other,Non-New Zealand
2012-01-01,50,Arrivals,Philippines,Residence,Non-New Zealand
2012-01-01,60,Arrivals,Philippines,Student,Non-New Zealand
2012-01-01,262,Arrivals,Philippines,TOTAL,Non-New Zealand
2012-01-01,89,Arrivals,Philippines,Visitor,Non-New Zealand
2012-01-01,60,Arrivals,Philippines,Work,Non-New Zealand
2012-02-01,0,Arrivals,Philippines,New Zealand and Australian citizens,Non-New Zealand
2012-02-01,9,Arrivals,Philippines,Other,Non-New Zealand
2012-02-01,46,Arrivals,Philippines,Residence,Non-New Zealand
2012-02-01,146,Arrivals,Philippines,Student,Non-New Zealand
2012-02-01,368,Arrivals,Philippines,TOTAL,Non-New Zealand
2012-02-01,67,Arrivals,Philippines,Visitor,Non-New Zealand
2012-02-01,100,Arrivals,Philippines,Work,Non-New Zealand
2012-03-01,0,Arrivals,Philippines,New Zealand and Australian citizens,Non-New Zealand
2012-03-01,5,Arrivals,Philippines,Other,Non-New Zealand
2012-03-01,50,Arrivals,Philippines,Residence,Non-New Zealand
2012-03-01,169,Arrivals,Philippines,Student,Non-New Zealand
2012-03-01,359,Arrivals,Philippines,TOTAL,Non-New Zealand
2012-03-01,70,Arrivals,Philippines,Visitor,Non-New Zealand
2012-03-01,65,Arrivals,Philippines,Work,Non-New Zealand
2012-04-01,0,Arrivals,Philippines,New Zealand and Australian citizens,Non-New Zealand
2012-04-01,7,Arrivals,Philippines,Other,Non-New Zealand
2012-04-01,61,Arrivals,Philippines,Residence,Non-New Zealand
2012-04-01,53,Arrivals,Philippines,Student,Non-New Zealand
2012-04-01,252,Arrivals,Philippines,TOTAL,Non-New Zealand
2012-04-01,66,Arrivals,Philippines,Visitor,Non-New Zealand
2012-04-01,65,Arrivals,Philippines,Work,Non-New Zealand
2012-05-01,0,Arrivals,Philippines,New Zealand and Australian citizens,Non-New Zealand
2012-05-01,13,Arrivals,Philippines,Other,Non-New Zealand
2012-05-01,79,Arrivals,Philippines,Residence,Non-New Zealand
2012-05-01,48,Arrivals,Philippines,Student,Non-New Zealand
2012-05-01,275,Arrivals,Philippines,TOTAL,Non-New Zealand
2012-05-01,66,Arrivals,Philippines,Visitor,Non-New Zealand
2012-05-01,69,Arrivals,Philippines,Work,Non-New Zealand
2012-06-01,0,Arrivals,Philippines,New Zealand and Australian citizens,Non-New Zealand
2012-06-01,1,Arrivals,Philippines,Other,Non-New Zealand
2012-06-01,54,Arrivals,Philippines,Residence,Non-New Zealand
2012-06-01,33,Arrivals,Philippines,Student,Non-New Zealand
2012-06-01,260,Arrivals,Philippines,TOTAL,Non-New Zealand
2012-06-01,90,Arrivals,Philippines,Visitor,Non-New Zealand
2012-06-01,82,Arrivals,Philippines,Work,Non-New Zealand
2012-07-01,0,Arrivals,Philippines,New Zealand and Australian citizens,Non-New Zealand
2012-07-01,7,Arrivals,Philippines,Other,Non-New Zealand
2012-07-01,49,Arrivals,Philippines,Residence,Non-New Zealand
2012-07-01,59,Arrivals,Philippines,Student,Non-New Zealand
2012-07-01,290,Arrivals,Philippines,TOTAL,Non-New Zealand
2012-07-01,70,Arrivals,Philippines,Visitor,Non-New Zealand
2012-07-01,105,Arrivals,Philippines,Work,Non-New Zealand
2012-08-01,0,Arrivals,Philippines,New Zealand and Australian citizens,Non-New Zealand
2012-08-01,7,Arrivals,Philippines,Other,Non-New Zealand
2012-08-01,51,Arrivals,Philippines,Residence,Non-New Zealand
2012-08-01,44,Arrivals,Philippines,Student,Non-New Zealand
2012-08-01,261,Arrivals,Philippines,TOTAL,Non-New Zealand
2012-08-01,76,Arrivals,Philippines,Visitor,Non-New Zealand
2012-08-01,83,Arrivals,Philippines,Work,Non-New Zealand
2012-09-01,0,Arrivals,Philippines,New Zealand and Australian citizens,Non-New Zealand
2012-09-01,1,Arrivals,Philippines,Other,Non-New Zealand
2012-09-01,54,Arrivals,Philippines,Residence,Non-New Zealand
2012-09-01,36,Arrivals,Philippines,Student,Non-New Zealand
2012-09-01,260,Arrivals,Philippines,TOTAL,Non-New Zealand
2012-09-01,39,Arrivals,Philippines,Visitor,Non-New Zealand
2012-09-01,130,Arrivals,Philippines,Work,Non-New Zealand
2012-10-01,0,Arrivals,Philippines,New Zealand and Australian citizens,Non-New Zealand
2012-10-01,9,Arrivals,Philippines,Other,Non-New Zealand
2012-10-01,53,Arrivals,Philippines,Residence,Non-New Zealand
2012-10-01,25,Arrivals,Philippines,Student,Non-New Zealand
2012-10-01,295,Arrivals,Philippines,TOTAL,Non-New Zealand
2012-10-01,90,Arrivals,Philippines,Visitor,Non-New Zealand
2012-10-01,118,Arrivals,Philippines,Work,Non-New Zealand
2012-11-01,0,Arrivals,Philippines,New Zealand and Australian citizens,Non-New Zealand
2012-11-01,3,Arrivals,Philippines,Other,Non-New Zealand
2012-11-01,24,Arrivals,Philippines,Residence,Non-New Zealand
2012-11-01,57,Arrivals,Philippines,Student,Non-New Zealand
2012-11-01,219,Arrivals,Philippines,TOTAL,Non-New Zealand
2012-11-01,48,Arrivals,Philippines,Visitor,Non-New Zealand
2012-11-01,87,Arrivals,Philippines,Work,Non-New Zealand
2012-12-01,0,Arrivals,Philippines,New Zealand and Australian citizens,Non-New Zealand
2012-12-01,19,Arrivals,Philippines,Other,Non-New Zealand
2012-12-01,33,Arrivals,Philippines,Residence,Non-New Zealand
2012-12-01,58,Arrivals,Philippines,Student,Non-New Zealand
2012-12-01,231,Arrivals,Philippines,TOTAL,Non-New Zealand
2012-12-01,56,Arrivals,Philippines,Visitor,Non-New Zealand
2012-12-01,65,Arrivals,Philippines,Work,Non-New Zealand
2013-01-01,0,Arrivals,Philippines,New Zealand and Australian citizens,Non-New Zealand
2013-01-01,9,Arrivals,Philippines,Other,Non-New Zealand
2013-01-01,59,Arrivals,Philippines,Residence,Non-New Zealand
2013-01-01,40,Arrivals,Philippines,Student,Non-New Zealand
2013-01-01,260,Arrivals,Philippines,TOTAL,Non-New Zealand
2013-01-01,85,Arrivals,Philippines,Visitor,Non-New Zealand
2013-01-01,67,Arrivals,Philippines,Work,Non-New Zealand
2013-02-01,0,Arrivals,Philippines,New Zealand and Australian citizens,Non-New Zealand
2013-02-01,5,Arrivals,Philippines,Other,Non-New Zealand
2013-02-01,28,Arrivals,Philippines,Residence,Non-New Zealand
2013-02-01,68,Arrivals,Philippines,Student,Non-New Zealand
2013-02-01,230,Arrivals,Philippines,TOTAL,Non-New Zealand
2013-02-01,37,Arrivals,Philippines,Visitor,Non-New Zealand
2013-02-01,92,Arrivals,Philippines,Work,Non-New Zealand
2013-03-01,1,Arrivals,Philippines,New Zealand and Australian citizens,Non-New Zealand
2013-03-01,10,Arrivals,Philippines,Other,Non-New Zealand
2013-03-01,57,Arrivals,Philippines,Residence,Non-New Zealand
2013-03-01,51,Arrivals,Philippines,Student,Non-New Zealand
2013-03-01,287,Arrivals,Philippines,TOTAL,Non-New Zealand
2013-03-01,89,Arrivals,Philippines,Visitor,Non-New Zealand
2013-03-01,79,Arrivals,Philippines,Work,Non-New Zealand
2013-04-01,0,Arrivals,Philippines,New Zealand and Australian citizens,Non-New Zealand
2013-04-01,4,Arrivals,Philippines,Other,Non-New Zealand
2013-04-01,69,Arrivals,Philippines,Residence,Non-New Zealand
2013-04-01,63,Arrivals,Philippines,Student,Non-New Zealand
2013-04-01,287,Arrivals,Philippines,TOTAL,Non-New Zealand
2013-04-01,54,Arrivals,Philippines,Visitor,Non-New Zealand
2013-04-01,97,Arrivals,Philippines,Work,Non-New Zealand
2013-05-01,1,Arrivals,Philippines,New Zealand and Australian citizens,Non-New Zealand
2013-05-01,7,Arrivals,Philippines,Other,Non-New Zealand
2013-05-01,54,Arrivals,Philippines,Residence,Non-New Zealand
2013-05-01,59,Arrivals,Philippines,Student,Non-New Zealand
2013-05-01,288,Arrivals,Philippines,TOTAL,Non-New Zealand
2013-05-01,65,Arrivals,Philippines,Visitor,Non-New Zealand
2013-05-01,102,Arrivals,Philippines,Work,Non-New Zealand
2013-06-01,1,Arrivals,Philippines,New Zealand and Australian citizens,Non-New Zealand
2013-06-01,8,Arrivals,Philippines,Other,Non-New Zealand
2013-06-01,54,Arrivals,Philippines,Residence,Non-New Zealand
2013-06-01,64,Arrivals,Philippines,Student,Non-New Zealand
2013-06-01,294,Arrivals,Philippines,TOTAL,Non-New Zealand
2013-06-01,70,Arrivals,Philippines,Visitor,Non-New Zealand
2013-06-01,97,Arrivals,Philippines,Work,Non-New Zealand
2013-07-01,2,Arrivals,Philippines,New Zealand and Australian citizens,Non-New Zealand
2013-07-01,14,Arrivals,Philippines,Other,Non-New Zealand
2013-07-01,41,Arrivals,Philippines,Residence,Non-New Zealand
2013-07-01,88,Arrivals,Philippines,Student,Non-New Zealand
2013-07-01,303,Arrivals,Philippines,TOTAL,Non-New Zealand
2013-07-01,62,Arrivals,Philippines,Visitor,Non-New Zealand
2013-07-01,96,Arrivals,Philippines,Work,Non-New Zealand
2013-08-01,0,Arrivals,Philippines,New Zealand and Australian citizens,Non-New Zealand
2013-08-01,6,Arrivals,Philippines,Other,Non-New Zealand
2013-08-01,38,Arrivals,Philippines,Residence,Non-New Zealand
2013-08-01,84,Arrivals,Philippines,Student,Non-New Zealand
2013-08-01,317,Arrivals,Philippines,TOTAL,Non-New Zealand
2013-08-01,47,Arrivals,Philippines,Visitor,Non-New Zealand
2013-08-01,142,Arrivals,Philippines,Work,Non-New Zealand
2013-09-01,0,Arrivals,Philippines,New Zealand and Australian citizens,Non-New Zealand
2013-09-01,13,Arrivals,Philippines,Other,Non-New Zealand
2013-09-01,35,Arrivals,Philippines,Residence,Non-New Zealand
2013-09-01,60,Arrivals,Philippines,Student,Non-New Zealand
2013-09-01,281,Arrivals,Philippines,TOTAL,Non-New Zealand
2013-09-01,61,Arrivals,Philippines,Visitor,Non-New Zealand
2013-09-01,112,Arrivals,Philippines,Work,Non-New Zealand
2013-10-01,1,Arrivals,Philippines,New Zealand and Australian citizens,Non-New Zealand
2013-10-01,8,Arrivals,Philippines,Other,Non-New Zealand
2013-10-01,25,Arrivals,Philippines,Residence,Non-New Zealand
2013-10-01,83,Arrivals,Philippines,Student,Non-New Zealand
2013-10-01,365,Arrivals,Philippines,TOTAL,Non-New Zealand
2013-10-01,78,Arrivals,Philippines,Visitor,Non-New Zealand
2013-10-01,170,Arrivals,Philippines,Work,Non-New Zealand
2013-11-01,0,Arrivals,Philippines,New Zealand and Australian citizens,Non-New Zealand
2013-11-01,16,Arrivals,Philippines,Other,Non-New Zealand
2013-11-01,40,Arrivals,Philippines,Residence,Non-New Zealand
2013-11-01,72,Arrivals,Philippines,Student,Non-New Zealand
2013-11-01,304,Arrivals,Philippines,TOTAL,Non-New Zealand
2013-11-01,69,Arrivals,Philippines,Visitor,Non-New Zealand
2013-11-01,107,Arrivals,Philippines,Work,Non-New Zealand
2013-12-01,0,Arrivals,Philippines,New Zealand and Australian citizens,Non-New Zealand
2013-12-01,19,Arrivals,Philippines,Other,Non-New Zealand
2013-12-01,47,Arrivals,Philippines,Residence,Non-New Zealand
2013-12-01,47,Arrivals,Philippines,Student,Non-New Zealand
2013-12-01,252,Arrivals,Philippines,TOTAL,Non-New Zealand
2013-12-01,73,Arrivals,Philippines,Visitor,Non-New Zealand
2013-12-01,66,Arrivals,Philippines,Work,Non-New Zealand
2014-01-01,1,Arrivals,Philippines,New Zealand and Australian citizens,Non-New Zealand
2014-01-01,1,Arrivals,Philippines,Other,Non-New Zealand
2014-01-01,50,Arrivals,Philippines,Residence,Non-New Zealand
2014-01-01,45,Arrivals,Philippines,Student,Non-New Zealand
2014-01-01,273,Arrivals,Philippines,TOTAL,Non-New Zealand
2014-01-01,70,Arrivals,Philippines,Visitor,Non-New Zealand
2014-01-01,106,Arrivals,Philippines,Work,Non-New Zealand
2014-02-01,0,Arrivals,Philippines,New Zealand and Australian citizens,Non-New Zealand
2014-02-01,10,Arrivals,Philippines,Other,Non-New Zealand
2014-02-01,39,Arrivals,Philippines,Residence,Non-New Zealand
2014-02-01,149,Arrivals,Philippines,Student,Non-New Zealand
2014-02-01,460,Arrivals,Philippines,TOTAL,Non-New Zealand
2014-02-01,80,Arrivals,Philippines,Visitor,Non-New Zealand
2014-02-01,182,Arrivals,Philippines,Work,Non-New Zealand
2014-03-01,0,Arrivals,Philippines,New Zealand and Australian citizens,Non-New Zealand
2014-03-01,4,Arrivals,Philippines,Other,Non-New Zealand
2014-03-01,34,Arrivals,Philippines,Residence,Non-New Zealand
2014-03-01,99,Arrivals,Philippines,Student,Non-New Zealand
2014-03-01,391,Arrivals,Philippines,TOTAL,Non-New Zealand
2014-03-01,118,Arrivals,Philippines,Visitor,Non-New Zealand
2014-03-01,136,Arrivals,Philippines,Work,Non-New Zealand
2014-04-01,0,Arrivals,Philippines,New Zealand and Australian citizens,Non-New Zealand
2014-04-01,5,Arrivals,Philippines,Other,Non-New Zealand
2014-04-01,67,Arrivals,Philippines,Residence,Non-New Zealand
2014-04-01,107,Arrivals,Philippines,Student,Non-New Zealand
2014-04-01,438,Arrivals,Philippines,TOTAL,Non-New Zealand
2014-04-01,123,Arrivals,Philippines,Visitor,Non-New Zealand
2014-04-01,136,Arrivals,Philippines,Work,Non-New Zealand
2014-05-01,1,Arrivals,Philippines,New Zealand and Australian citizens,Non-New Zealand
2014-05-01,10,Arrivals,Philippines,Other,Non-New Zealand
2014-05-01,61,Arrivals,Philippines,Residence,Non-New Zealand
2014-05-01,84,Arrivals,Philippines,Student,Non-New Zealand
2014-05-01,398,Arrivals,Philippines,TOTAL,Non-New Zealand
2014-05-01,94,Arrivals,Philippines,Visitor,Non-New Zealand
2014-05-01,148,Arrivals,Philippines,Work,Non-New Zealand
2014-06-01,1,Arrivals,Philippines,New Zealand and Australian citizens,Non-New Zealand
2014-06-01,11,Arrivals,Philippines,Other,Non-New Zealand
2014-06-01,45,Arrivals,Philippines,Residence,Non-New Zealand
2014-06-01,101,Arrivals,Philippines,Student,Non-New Zealand
2014-06-01,507,Arrivals,Philippines,TOTAL,Non-New Zealand
2014-06-01,113,Arrivals,Philippines,Visitor,Non-New Zealand
2014-06-01,236,Arrivals,Philippines,Work,Non-New Zealand
2014-07-01,0,Arrivals,Philippines,New Zealand and Australian citizens,Non-New Zealand
2014-07-01,5,Arrivals,Philippines,Other,Non-New Zealand
2014-07-01,28,Arrivals,Philippines,Residence,Non-New Zealand
2014-07-01,152,Arrivals,Philippines,Student,Non-New Zealand
2014-07-01,514,Arrivals,Philippines,TOTAL,Non-New Zealand
2014-07-01,113,Arrivals,Philippines,Visitor,Non-New Zealand
2014-07-01,216,Arrivals,Philippines,Work,Non-New Zealand
2014-08-01,4,Arrivals,Philippines,New Zealand and Australian citizens,Non-New Zealand
2014-08-01,25,Arrivals,Philippines,Other,Non-New Zealand
2014-08-01,61,Arrivals,Philippines,Residence,Non-New Zealand
2014-08-01,116,Arrivals,Philippines,Student,Non-New Zealand
2014-08-01,576,Arrivals,Philippines,TOTAL,Non-New Zealand
2014-08-01,117,Arrivals,Philippines,Visitor,Non-New Zealand
2014-08-01,253,Arrivals,Philippines,Work,Non-New Zealand
2014-09-01,0,Arrivals,Philippines,New Zealand and Australian citizens,Non-New Zealand
2014-09-01,3,Arrivals,Philippines,Other,Non-New Zealand
2014-09-01,47,Arrivals,Philippines,Residence,Non-New Zealand
2014-09-01,128,Arrivals,Philippines,Student,Non-New Zealand
2014-09-01,392,Arrivals,Philippines,TOTAL,Non-New Zealand
2014-09-01,67,Arrivals,Philippines,Visitor,Non-New Zealand
2014-09-01,147,Arrivals,Philippines,Work,Non-New Zealand
2014-10-01,0,Arrivals,Philippines,New Zealand and Australian citizens,Non-New Zealand
2014-10-01,6,Arrivals,Philippines,Other,Non-New Zealand
2014-10-01,48,Arrivals,Philippines,Residence,Non-New Zealand
2014-10-01,71,Arrivals,Philippines,Student,Non-New Zealand
2014-10-01,406,Arrivals,Philippines,TOTAL,Non-New Zealand
2014-10-01,113,Arrivals,Philippines,Visitor,Non-New Zealand
2014-10-01,168,Arrivals,Philippines,Work,Non-New Zealand
2014-11-01,0,Arrivals,Philippines,New Zealand and Australian citizens,Non-New Zealand
2014-11-01,11,Arrivals,Philippines,Other,Non-New Zealand
2014-11-01,63,Arrivals,Philippines,Residence,Non-New Zealand
2014-11-01,187,Arrivals,Philippines,Student,Non-New Zealand
2014-11-01,489,Arrivals,Philippines,TOTAL,Non-New Zealand
2014-11-01,62,Arrivals,Philippines,Visitor,Non-New Zealand
2014-11-01,166,Arrivals,Philippines,Work,Non-New Zealand
2014-12-01,0,Arrivals,Philippines,New Zealand and Australian citizens,Non-New Zealand
2014-12-01,5,Arrivals,Philippines,Other,Non-New Zealand
2014-12-01,29,Arrivals,Philippines,Residence,Non-New Zealand
2014-12-01,85,Arrivals,Philippines,Student,Non-New Zealand
2014-12-01,305,Arrivals,Philippines,TOTAL,Non-New Zealand
2014-12-01,80,Arrivals,Philippines,Visitor,Non-New Zealand
2014-12-01,106,Arrivals,Philippines,Work,Non-New Zealand
2015-01-01,2,Arrivals,Philippines,New Zealand and Australian citizens,Non-New Zealand
2015-01-01,2,Arrivals,Philippines,Other,Non-New Zealand
2015-01-01,74,Arrivals,Philippines,Residence,Non-New Zealand
2015-01-01,95,Arrivals,Philippines,Student,Non-New Zealand
2015-01-01,399,Arrivals,Philippines,TOTAL,Non-New Zealand
2015-01-01,97,Arrivals,Philippines,Visitor,Non-New Zealand
2015-01-01,129,Arrivals,Philippines,Work,Non-New Zealand
2015-02-01,0,Arrivals,Philippines,New Zealand and Australian citizens,Non-New Zealand
2015-02-01,12,Arrivals,Philippines,Other,Non-New Zealand
2015-02-01,61,Arrivals,Philippines,Residence,Non-New Zealand
2015-02-01,181,Arrivals,Philippines,Student,Non-New Zealand
2015-02-01,447,Arrivals,Philippines,TOTAL,Non-New Zealand
2015-02-01,72,Arrivals,Philippines,Visitor,Non-New Zealand
2015-02-01,121,Arrivals,Philippines,Work,Non-New Zealand
2015-03-01,0,Arrivals,Philippines,New Zealand and Australian citizens,Non-New Zealand
2015-03-01,5,Arrivals,Philippines,Other,Non-New Zealand
2015-03-01,52,Arrivals,Philippines,Residence,Non-New Zealand
2015-03-01,177,Arrivals,Philippines,Student,Non-New Zealand
2015-03-01,582,Arrivals,Philippines,TOTAL,Non-New Zealand
2015-03-01,103,Arrivals,Philippines,Visitor,Non-New Zealand
2015-03-01,245,Arrivals,Philippines,Work,Non-New Zealand
2015-04-01,0,Arrivals,Philippines,New Zealand and Australian citizens,Non-New Zealand
2015-04-01,15,Arrivals,Philippines,Other,Non-New Zealand
2015-04-01,58,Arrivals,Philippines,Residence,Non-New Zealand
2015-04-01,143,Arrivals,Philippines,Student,Non-New Zealand
2015-04-01,507,Arrivals,Philippines,TOTAL,Non-New Zealand
2015-04-01,119,Arrivals,Philippines,Visitor,Non-New Zealand
2015-04-01,172,Arrivals,Philippines,Work,Non-New Zealand
2015-05-01,1,Arrivals,Philippines,New Zealand and Australian citizens,Non-New Zealand
2015-05-01,10,Arrivals,Philippines,Other,Non-New Zealand
2015-05-01,74,Arrivals,Philippines,Residence,Non-New Zealand
2015-05-01,195,Arrivals,Philippines,Student,Non-New Zealand
2015-05-01,575,Arrivals,Philippines,TOTAL,Non-New Zealand
2015-05-01,105,Arrivals,Philippines,Visitor,Non-New Zealand
2015-05-01,190,Arrivals,Philippines,Work,Non-New Zealand
2015-06-01,0,Arrivals,Philippines,New Zealand and Australian citizens,Non-New Zealand
2015-06-01,8,Arrivals,Philippines,Other,Non-New Zealand
2015-06-01,78,Arrivals,Philippines,Residence,Non-New Zealand
2015-06-01,201,Arrivals,Philippines,Student,Non-New Zealand
2015-06-01,610,Arrivals,Philippines,TOTAL,Non-New Zealand
2015-06-01,100,Arrivals,Philippines,Visitor,Non-New Zealand
2015-06-01,223,Arrivals,Philippines,Work,Non-New Zealand
2015-07-01,0,Arrivals,Philippines,New Zealand and Australian citizens,Non-New Zealand
2015-07-01,4,Arrivals,Philippines,Other,Non-New Zealand
2015-07-01,43,Arrivals,Philippines,Residence,Non-New Zealand
2015-07-01,263,Arrivals,Philippines,Student,Non-New Zealand
2015-07-01,684,Arrivals,Philippines,TOTAL,Non-New Zealand
2015-07-01,101,Arrivals,Philippines,Visitor,Non-New Zealand
2015-07-01,273,Arrivals,Philippines,Work,Non-New Zealand
2015-08-01,0,Arrivals,Philippines,New Zealand and Australian citizens,Non-New Zealand
2015-08-01,9,Arrivals,Philippines,Other,Non-New Zealand
2015-08-01,74,Arrivals,Philippines,Residence,Non-New Zealand
2015-08-01,217,Arrivals,Philippines,Student,Non-New Zealand
2015-08-01,682,Arrivals,Philippines,TOTAL,Non-New Zealand
2015-08-01,127,Arrivals,Philippines,Visitor,Non-New Zealand
2015-08-01,255,Arrivals,Philippines,Work,Non-New Zealand
2015-09-01,0,Arrivals,Philippines,New Zealand and Australian citizens,Non-New Zealand
2015-09-01,3,Arrivals,Philippines,Other,Non-New Zealand
2015-09-01,62,Arrivals,Philippines,Residence,Non-New Zealand
2015-09-01,204,Arrivals,Philippines,Student,Non-New Zealand
2015-09-01,603,Arrivals,Philippines,TOTAL,Non-New Zealand
2015-09-01,112,Arrivals,Philippines,Visitor,Non-New Zealand
2015-09-01,222,Arrivals,Philippines,Work,Non-New Zealand
2015-10-01,0,Arrivals,Philippines,New Zealand and Australian citizens,Non-New Zealand
2015-10-01,6,Arrivals,Philippines,Other,Non-New Zealand
2015-10-01,60,Arrivals,Philippines,Residence,Non-New Zealand
2015-10-01,256,Arrivals,Philippines,Student,Non-New Zealand
2015-10-01,612,Arrivals,Philippines,TOTAL,Non-New Zealand
2015-10-01,140,Arrivals,Philippines,Visitor,Non-New Zealand
2015-10-01,150,Arrivals,Philippines,Work,Non-New Zealand
2015-11-01,0,Arrivals,Philippines,New Zealand and Australian citizens,Non-New Zealand
2015-11-01,6,Arrivals,Philippines,Other,Non-New Zealand
2015-11-01,47,Arrivals,Philippines,Residence,Non-New Zealand
2015-11-01,358,Arrivals,Philippines,Student,Non-New Zealand
2015-11-01,673,Arrivals,Philippines,TOTAL,Non-New Zealand
2015-11-01,83,Arrivals,Philippines,Visitor,Non-New Zealand
2015-11-01,179,Arrivals,Philippines,Work,Non-New Zealand
2015-12-01,0,Arrivals,Philippines,New Zealand and Australian citizens,Non-New Zealand
2015-12-01,18,Arrivals,Philippines,Other,Non-New Zealand
2015-12-01,79,Arrivals,Philippines,Residence,Non-New Zealand
2015-12-01,87,Arrivals,Philippines,Student,Non-New Zealand
2015-12-01,441,Arrivals,Philippines,TOTAL,Non-New Zealand
2015-12-01,118,Arrivals,Philippines,Visitor,Non-New Zealand
2015-12-01,139,Arrivals,Philippines,Work,Non-New Zealand
2016-01-01,1,Arrivals,Philippines,New Zealand and Australian citizens,Non-New Zealand
2016-01-01,3,Arrivals,Philippines,Other,Non-New Zealand
2016-01-01,50,Arrivals,Philippines,Residence,Non-New Zealand
2016-01-01,179,Arrivals,Philippines,Student,Non-New Zealand
2016-01-01,458,Arrivals,Philippines,TOTAL,Non-New Zealand
2016-01-01,121,Arrivals,Philippines,Visitor,Non-New Zealand
2016-01-01,104,Arrivals,Philippines,Work,Non-New Zealand
2016-02-01,0,Arrivals,Philippines,New Zealand and Australian citizens,Non-New Zealand
2016-02-01,3,Arrivals,Philippines,Other,Non-New Zealand
2016-02-01,61,Arrivals,Philippines,Residence,Non-New Zealand
2016-02-01,258,Arrivals,Philippines,Student,Non-New Zealand
2016-02-01,655,Arrivals,Philippines,TOTAL,Non-New Zealand
2016-02-01,140,Arrivals,Philippines,Visitor,Non-New Zealand
2016-02-01,193,Arrivals,Philippines,Work,Non-New Zealand
2016-03-01,1,Arrivals,Philippines,New Zealand and Australian citizens,Non-New Zealand
2016-03-01,3,Arrivals,Philippines,Other,Non-New Zealand
2016-03-01,97,Arrivals,Philippines,Residence,Non-New Zealand
2016-03-01,151,Arrivals,Philippines,Student,Non-New Zealand
2016-03-01,549,Arrivals,Philippines,TOTAL,Non-New Zealand
2016-03-01,126,Arrivals,Philippines,Visitor,Non-New Zealand
2016-03-01,171,Arrivals,Philippines,Work,Non-New Zealand
2016-04-01,0,Arrivals,Philippines,New Zealand and Australian citizens,Non-New Zealand
2016-04-01,5,Arrivals,Philippines,Other,Non-New Zealand
2016-04-01,90,Arrivals,Philippines,Residence,Non-New Zealand
2016-04-01,116,Arrivals,Philippines,Student,Non-New Zealand
2016-04-01,466,Arrivals,Philippines,TOTAL,Non-New Zealand
2016-04-01,118,Arrivals,Philippines,Visitor,Non-New Zealand
2016-04-01,137,Arrivals,Philippines,Work,Non-New Zealand
2016-05-01,2,Arrivals,Philippines,New Zealand and Australian citizens,Non-New Zealand
2016-05-01,10,Arrivals,Philippines,Other,Non-New Zealand
2016-05-01,121,Arrivals,Philippines,Residence,Non-New Zealand
2016-05-01,144,Arrivals,Philippines,Student,Non-New Zealand
2016-05-01,629,Arrivals,Philippines,TOTAL,Non-New Zealand
2016-05-01,159,Arrivals,Philippines,Visitor,Non-New Zealand
2016-05-01,193,Arrivals,Philippines,Work,Non-New Zealand
2016-06-01,4,Arrivals,Philippines,New Zealand and Australian citizens,Non-New Zealand
2016-06-01,5,Arrivals,Philippines,Other,Non-New Zealand
2016-06-01,92,Arrivals,Philippines,Residence,Non-New Zealand
2016-06-01,109,Arrivals,Philippines,Student,Non-New Zealand
2016-06-01,492,Arrivals,Philippines,TOTAL,Non-New Zealand
2016-06-01,126,Arrivals,Philippines,Visitor,Non-New Zealand
2016-06-01,156,Arrivals,Philippines,Work,Non-New Zealand
2016-07-01,9,Arrivals,Philippines,New Zealand and Australian citizens,Non-New Zealand
2016-07-01,4,Arrivals,Philippines,Other,Non-New Zealand
2016-07-01,78,Arrivals,Philippines,Residence,Non-New Zealand
2016-07-01,183,Arrivals,Philippines,Student,Non-New Zealand
2016-07-01,557,Arrivals,Philippines,TOTAL,Non-New Zealand
2016-07-01,91,Arrivals,Philippines,Visitor,Non-New Zealand
2016-07-01,192,Arrivals,Philippines,Work,Non-New Zealand
2016-08-01,0,Arrivals,Philippines,New Zealand and Australian citizens,Non-New Zealand
2016-08-01,7,Arrivals,Philippines,Other,Non-New Zealand
2016-08-01,85,Arrivals,Philippines,Residence,Non-New Zealand
2016-08-01,176,Arrivals,Philippines,Student,Non-New Zealand
2016-08-01,633,Arrivals,Philippines,TOTAL,Non-New Zealand
2016-08-01,110,Arrivals,Philippines,Visitor,Non-New Zealand
2016-08-01,255,Arrivals,Philippines,Work,Non-New Zealand
2016-09-01,2,Arrivals,Philippines,New Zealand and Australian citizens,Non-New Zealand
2016-09-01,5,Arrivals,Philippines,Other,Non-New Zealand
2016-09-01,68,Arrivals,Philippines,Residence,Non-New Zealand
2016-09-01,156,Arrivals,Philippines,Student,Non-New Zealand
2016-09-01,582,Arrivals,Philippines,TOTAL,Non-New Zealand
2016-09-01,136,Arrivals,Philippines,Visitor,Non-New Zealand
2016-09-01,215,Arrivals,Philippines,Work,Non-New Zealand
2016-10-01,1,Arrivals,Philippines,New Zealand and Australian citizens,Non-New Zealand
2016-10-01,4,Arrivals,Philippines,Other,Non-New Zealand
2016-10-01,89,Arrivals,Philippines,Residence,Non-New Zealand
2016-10-01,112,Arrivals,Philippines,Student,Non-New Zealand
2016-10-01,602,Arrivals,Philippines,TOTAL,Non-New Zealand
2016-10-01,150,Arrivals,Philippines,Visitor,Non-New Zealand
2016-10-01,246,Arrivals,Philippines,Work,Non-New Zealand
2016-11-01,0,Arrivals,Philippines,New Zealand and Australian citizens,Non-New Zealand
2016-11-01,3,Arrivals,Philippines,Other,Non-New Zealand
2016-11-01,61,Arrivals,Philippines,Residence,Non-New Zealand
2016-11-01,155,Arrivals,Philippines,Student,Non-New Zealand
2016-11-01,481,Arrivals,Philippines,TOTAL,Non-New Zealand
2016-11-01,110,Arrivals,Philippines,Visitor,Non-New Zealand
2016-11-01,152,Arrivals,Philippines,Work,Non-New Zealand
2016-12-01,3,Arrivals,Philippines,New Zealand and Australian citizens,Non-New Zealand
2016-12-01,6,Arrivals,Philippines,Other,Non-New Zealand
2016-12-01,93,Arrivals,Philippines,Residence,Non-New Zealand
2016-12-01,90,Arrivals,Philippines,Student,Non-New Zealand
2016-12-01,431,Arrivals,Philippines,TOTAL,Non-New Zealand
2016-12-01,108,Arrivals,Philippines,Visitor,Non-New Zealand
2016-12-01,131,Arrivals,Philippines,Work,Non-New Zealand
2017-01-01,2,Arrivals,Philippines,New Zealand and Australian citizens,Non-New Zealand
2017-01-01,4,Arrivals,Philippines,Other,Non-New Zealand
2017-01-01,103,Arrivals,Philippines,Residence,Non-New Zealand
2017-01-01,128,Arrivals,Philippines,Student,Non-New Zealand
2017-01-01,551,Arrivals,Philippines,TOTAL,Non-New Zealand
2017-01-01,123,Arrivals,Philippines,Visitor,Non-New Zealand
2017-01-01,191,Arrivals,Philippines,Work,Non-New Zealand
2017-02-01,0,Arrivals,Philippines,New Zealand and Australian citizens,Non-New Zealand
2017-02-01,9,Arrivals,Philippines,Other,Non-New Zealand
2017-02-01,86,Arrivals,Philippines,Residence,Non-New Zealand
2017-02-01,187,Arrivals,Philippines,Student,Non-New Zealand
2017-02-01,607,Arrivals,Philippines,TOTAL,Non-New Zealand
2017-02-01,107,Arrivals,Philippines,Visitor,Non-New Zealand
2017-02-01,218,Arrivals,Philippines,Work,Non-New Zealand
2017-03-01,0,Arrivals,Philippines,New Zealand and Australian citizens,Non-New Zealand
2017-03-01,6,Arrivals,Philippines,Other,Non-New Zealand
2017-03-01,85,Arrivals,Philippines,Residence,Non-New Zealand
2017-03-01,100,Arrivals,Philippines,Student,Non-New Zealand
2017-03-01,472,Arrivals,Philippines,TOTAL,Non-New Zealand
2017-03-01,75,Arrivals,Philippines,Visitor,Non-New Zealand
2017-03-01,206,Arrivals,Philippines,Work,Non-New Zealand
2017-04-01,0,Arrivals,Philippines,New Zealand and Australian citizens,Non-New Zealand
2017-04-01,6,Arrivals,Philippines,Other,Non-New Zealand
2017-04-01,112,Arrivals,Philippines,Residence,Non-New Zealand
2017-04-01,140,Arrivals,Philippines,Student,Non-New Zealand
2017-04-01,574,Arrivals,Philippines,TOTAL,Non-New Zealand
2017-04-01,91,Arrivals,Philippines,Visitor,Non-New Zealand
2017-04-01,225,Arrivals,Philippines,Work,Non-New Zealand
2017-05-01,0,Arrivals,Philippines,New Zealand and Australian citizens,Non-New Zealand
2017-05-01,3,Arrivals,Philippines,Other,Non-New Zealand
2017-05-01,115,Arrivals,Philippines,Residence,Non-New Zealand
2017-05-01,155,Arrivals,Philippines,Student,Non-New Zealand
2017-05-01,703,Arrivals,Philippines,TOTAL,Non-New Zealand
2017-05-01,154,Arrivals,Philippines,Visitor,Non-New Zealand
2017-05-01,276,Arrivals,Philippines,Work,Non-New Zealand
2017-06-01,1,Arrivals,Philippines,New Zealand and Australian citizens,Non-New Zealand
2017-06-01,4,Arrivals,Philippines,Other,Non-New Zealand
2017-06-01,95,Arrivals,Philippines,Residence,Non-New Zealand
2017-06-01,181,Arrivals,Philippines,Student,Non-New Zealand
2017-06-01,666,Arrivals,Philippines,TOTAL,Non-New Zealand
2017-06-01,110,Arrivals,Philippines,Visitor,Non-New Zealand
2017-06-01,275,Arrivals,Philippines,Work,Non-New Zealand
2017-07-01,0,Arrivals,Philippines,New Zealand and Australian citizens,Non-New Zealand
2017-07-01,6,Arrivals,Philippines,Other,Non-New Zealand
2017-07-01,102,Arrivals,Philippines,Residence,Non-New Zealand
2017-07-01,238,Arrivals,Philippines,Student,Non-New Zealand
2017-07-01,778,Arrivals,Philippines,TOTAL,Non-New Zealand
2017-07-01,141,Arrivals,Philippines,Visitor,Non-New Zealand
2017-07-01,291,Arrivals,Philippines,Work,Non-New Zealand
2017-08-01,0,Arrivals,Philippines,New Zealand and Australian citizens,Non-New Zealand
2017-08-01,4,Arrivals,Philippines,Other,Non-New Zealand
2017-08-01,75,Arrivals,Philippines,Residence,Non-New Zealand
2017-08-01,183,Arrivals,Philippines,Student,Non-New Zealand
2017-08-01,705,Arrivals,Philippines,TOTAL,Non-New Zealand
2017-08-01,155,Arrivals,Philippines,Visitor,Non-New Zealand
2017-08-01,288,Arrivals,Philippines,Work,Non-New Zealand
2017-09-01,0,Arrivals,Philippines,New Zealand and Australian citizens,Non-New Zealand
2017-09-01,1,Arrivals,Philippines,Other,Non-New Zealand
2017-09-01,70,Arrivals,Philippines,Residence,Non-New Zealand
2017-09-01,173,Arrivals,Philippines,Student,Non-New Zealand
2017-09-01,635,Arrivals,Philippines,TOTAL,Non-New Zealand
2017-09-01,146,Arrivals,Philippines,Visitor,Non-New Zealand
2017-09-01,245,Arrivals,Philippines,Work,Non-New Zealand
2017-10-01,0,Arrivals,Philippines,New Zealand and Australian citizens,Non-New Zealand
2017-10-01,3,Arrivals,Philippines,Other,Non-New Zealand
2017-10-01,45,Arrivals,Philippines,Residence,Non-New Zealand
2017-10-01,135,Arrivals,Philippines,Student,Non-New Zealand
2017-10-01,611,Arrivals,Philippines,TOTAL,Non-New Zealand
2017-10-01,153,Arrivals,Philippines,Visitor,Non-New Zealand
2017-10-01,275,Arrivals,Philippines,Work,Non-New Zealand
2017-11-01,2,Arrivals,Philippines,New Zealand and Australian citizens,Non-New Zealand
2017-11-01,5,Arrivals,Philippines,Other,Non-New Zealand
2017-11-01,35,Arrivals,Philippines,Residence,Non-New Zealand
2017-11-01,137,Arrivals,Philippines,Student,Non-New Zealand
2017-11-01,568,Arrivals,Philippines,TOTAL,Non-New Zealand
2017-11-01,91,Arrivals,Philippines,Visitor,Non-New Zealand
2017-11-01,298,Arrivals,Philippines,Work,Non-New Zealand
2017-12-01,4,Arrivals,Philippines,New Zealand and Australian citizens,Non-New Zealand
2017-12-01,6,Arrivals,Philippines,Other,Non-New Zealand
2017-12-01,54,Arrivals,Philippines,Residence,Non-New Zealand
2017-12-01,96,Arrivals,Philippines,Student,Non-New Zealand
2017-12-01,419,Arrivals,Philippines,TOTAL,Non-New Zealand
2017-12-01,104,Arrivals,Philippines,Visitor,Non-New Zealand
2017-12-01,155,Arrivals,Philippines,Work,Non-New Zealand
2018-01-01,0,Arrivals,Philippines,New Zealand and Australian citizens,Non-New Zealand
2018-01-01,4,Arrivals,Philippines,Other,Non-New Zealand
2018-01-01,67,Arrivals,Philippines,Residence,Non-New Zealand
2018-01-01,121,Arrivals,Philippines,Student,Non-New Zealand
2018-01-01,645,Arrivals,Philippines,TOTAL,Non-New Zealand
2018-01-01,134,Arrivals,Philippines,Visitor,Non-New Zealand
2018-01-01,319,Arrivals,Philippines,Work,Non-New Zealand
2018-02-01,0,Arrivals,Philippines,New Zealand and Australian citizens,Non-New Zealand
2018-02-01,4,Arrivals,Philippines,Other,Non-New Zealand
2018-02-01,37,Arrivals,Philippines,Residence,Non-New Zealand
2018-02-01,162,Arrivals,Philippines,Student,Non-New Zealand
2018-02-01,564,Arrivals,Philippines,TOTAL,Non-New Zealand
2018-02-01,102,Arrivals,Philippines,Visitor,Non-New Zealand
2018-02-01,259,Arrivals,Philippines,Work,Non-New Zealand
2018-03-01,0,Arrivals,Philippines,New Zealand and Australian citizens,Non-New Zealand
2018-03-01,1,Arrivals,Philippines,Other,Non-New Zealand
2018-03-01,37,Arrivals,Philippines,Residence,Non-New Zealand
2018-03-01,96,Arrivals,Philippines,Student,Non-New Zealand
2018-03-01,517,Arrivals,Philippines,TOTAL,Non-New Zealand
2018-03-01,152,Arrivals,Philippines,Visitor,Non-New Zealand
2018-03-01,231,Arrivals,Philippines,Work,Non-New Zealand
2018-04-01,0,Arrivals,Philippines,New Zealand and Australian citizens,Non-New Zealand
2018-04-01,2,Arrivals,Philippines,Other,Non-New Zealand
2018-04-01,62,Arrivals,Philippines,Residence,Non-New Zealand
2018-04-01,118,Arrivals,Philippines,Student,Non-New Zealand
2018-04-01,512,Arrivals,Philippines,TOTAL,Non-New Zealand
2018-04-01,118,Arrivals,Philippines,Visitor,Non-New Zealand
2018-04-01,212,Arrivals,Philippines,Work,Non-New Zealand
2018-05-01,1,Arrivals,Philippines,New Zealand and Australian citizens,Non-New Zealand
2018-05-01,5,Arrivals,Philippines,Other,Non-New Zealand
2018-05-01,54,Arrivals,Philippines,Residence,Non-New Zealand
2018-05-01,132,Arrivals,Philippines,Student,Non-New Zealand
2018-05-01,606,Arrivals,Philippines,TOTAL,Non-New Zealand
2018-05-01,153,Arrivals,Philippines,Visitor,Non-New Zealand
2018-05-01,261,Arrivals,Philippines,Work,Non-New Zealand
2018-06-01,4,Arrivals,Philippines,New Zealand and Australian citizens,Non-New Zealand
2018-06-01,4,Arrivals,Philippines,Other,Non-New Zealand
2018-06-01,55,Arrivals,Philippines,Residence,Non-New Zealand
2018-06-01,171,Arrivals,Philippines,Student,Non-New Zealand
2018-06-01,624,Arrivals,Philippines,TOTAL,Non-New Zealand
2018-06-01,101,Arrivals,Philippines,Visitor,Non-New Zealand
2018-06-01,289,Arrivals,Philippines,Work,Non-New Zealand
2018-07-01,0,Arrivals,Philippines,New Zealand and Australian citizens,Non-New Zealand
2018-07-01,1,Arrivals,Philippines,Other,Non-New Zealand
2018-07-01,48,Arrivals,Philippines,Residence,Non-New Zealand
2018-07-01,178,Arrivals,Philippines,Student,Non-New Zealand
2018-07-01,610,Arrivals,Philippines,TOTAL,Non-New Zealand
2018-07-01,117,Arrivals,Philippines,Visitor,Non-New Zealand
2018-07-01,266,Arrivals,Philippines,Work,Non-New Zealand
2018-08-01,0,Arrivals,Philippines,New Zealand and Australian citizens,Non-New Zealand
2018-08-01,3,Arrivals,Philippines,Other,Non-New Zealand
2018-08-01,40,Arrivals,Philippines,Residence,Non-New Zealand
2018-08-01,169,Arrivals,Philippines,Student,Non-New Zealand
2018-08-01,672,Arrivals,Philippines,TOTAL,Non-New Zealand
2018-08-01,143,Arrivals,Philippines,Visitor,Non-New Zealand
2018-08-01,317,Arrivals,Philippines,Work,Non-New Zealand
2018-09-01,1,Arrivals,Philippines,New Zealand and Australian citizens,Non-New Zealand
2018-09-01,5,Arrivals,Philippines,Other,Non-New Zealand
2018-09-01,28,Arrivals,Philippines,Residence,Non-New Zealand
2018-09-01,141,Arrivals,Philippines,Student,Non-New Zealand
2018-09-01,567,Arrivals,Philippines,TOTAL,Non-New Zealand
2018-09-01,127,Arrivals,Philippines,Visitor,Non-New Zealand
2018-09-01,265,Arrivals,Philippines,Work,Non-New Zealand
2018-10-01,0,Arrivals,Philippines,New Zealand and Australian citizens,Non-New Zealand
2018-10-01,4,Arrivals,Philippines,Other,Non-New Zealand
2018-10-01,30,Arrivals,Philippines,Residence,Non-New Zealand
2018-10-01,129,Arrivals,Philippines,Student,Non-New Zealand
2018-10-01,594,Arrivals,Philippines,TOTAL,Non-New Zealand
2018-10-01,139,Arrivals,Philippines,Visitor,Non-New Zealand
2018-10-01,292,Arrivals,Philippines,Work,Non-New Zealand
2018-11-01,0,Arrivals,Philippines,New Zealand and Australian citizens,Non-New Zealand
2018-11-01,5,Arrivals,Philippines,Other,Non-New Zealand
2018-11-01,42,Arrivals,Philippines,Residence,Non-New Zealand
2018-11-01,118,Arrivals,Philippines,Student,Non-New Zealand
2018-11-01,513,Arrivals,Philippines,TOTAL,Non-New Zealand
2018-11-01,86,Arrivals,Philippines,Visitor,Non-New Zealand
2018-11-01,262,Arrivals,Philippines,Work,Non-New Zealand
2018-12-01,4,Arrivals,Philippines,New Zealand and Australian citizens,Non-New Zealand
2018-12-01,11,Arrivals,Philippines,Other,Non-New Zealand
2018-12-01,39,Arrivals,Philippines,Residence,Non-New Zealand
2018-12-01,103,Arrivals,Philippines,Student,Non-New Zealand
2018-12-01,462,Arrivals,Philippines,TOTAL,Non-New Zealand
2018-12-01,127,Arrivals,Philippines,Visitor,Non-New Zealand
2018-12-01,178,Arrivals,Philippines,Work,Non-New Zealand
2019-01-01,0,Arrivals,Philippines,New Zealand and Australian citizens,Non-New Zealand
2019-01-01,2,Arrivals,Philippines,Other,Non-New Zealand
2019-01-01,45,Arrivals,Philippines,Residence,Non-New Zealand
2019-01-01,128,Arrivals,Philippines,Student,Non-New Zealand
2019-01-01,549,Arrivals,Philippines,TOTAL,Non-New Zealand
2019-01-01,112,Arrivals,Philippines,Visitor,Non-New Zealand
2019-01-01,262,Arrivals,Philippines,Work,Non-New Zealand
2019-02-01,0,Arrivals,Philippines,New Zealand and Australian citizens,Non-New Zealand
2019-02-01,3,Arrivals,Philippines,Other,Non-New Zealand
2019-02-01,22,Arrivals,Philippines,Residence,Non-New Zealand
2019-02-01,168,Arrivals,Philippines,Student,Non-New Zealand
2019-02-01,696,Arrivals,Philippines,TOTAL,Non-New Zealand
2019-02-01,94,Arrivals,Philippines,Visitor,Non-New Zealand
2019-02-01,409,Arrivals,Philippines,Work,Non-New Zealand
2019-03-01,1,Arrivals,Philippines,New Zealand and Australian citizens,Non-New Zealand
2019-03-01,3,Arrivals,Philippines,Other,Non-New Zealand
2019-03-01,23,Arrivals,Philippines,Residence,Non-New Zealand
2019-03-01,106,Arrivals,Philippines,Student,Non-New Zealand
2019-03-01,556,Arrivals,Philippines,TOTAL,Non-New Zealand
2019-03-01,134,Arrivals,Philippines,Visitor,Non-New Zealand
2019-03-01,289,Arrivals,Philippines,Work,Non-New Zealand
2019-04-01,0,Arrivals,Philippines,New Zealand and Australian citizens,Non-New Zealand
2019-04-01,3,Arrivals,Philippines,Other,Non-New Zealand
2019-04-01,44,Arrivals,Philippines,Residence,Non-New Zealand
2019-04-01,155,Arrivals,Philippines,Student,Non-New Zealand
2019-04-01,557,Arrivals,Philippines,TOTAL,Non-New Zealand
2019-04-01,121,Arrivals,Philippines,Visitor,Non-New Zealand
2019-04-01,234,Arrivals,Philippines,Work,Non-New Zealand
2019-05-01,1,Arrivals,Philippines,New Zealand and Australian citizens,Non-New Zealand
2019-05-01,3,Arrivals,Philippines,Other,Non-New Zealand
2019-05-01,47,Arrivals,Philippines,Residence,Non-New Zealand
2019-05-01,208,Arrivals,Philippines,Student,Non-New Zealand
2019-05-01,900,Arrivals,Philippines,TOTAL,Non-New Zealand
2019-05-01,206,Arrivals,Philippines,Visitor,Non-New Zealand
2019-05-01,435,Arrivals,Philippines,Work,Non-New Zealand
2019-06-01,1,Arrivals,Philippines,New Zealand and Australian citizens,Non-New Zealand
2019-06-01,3,Arrivals,Philippines,Other,Non-New Zealand
2019-06-01,44,Arrivals,Philippines,Residence,Non-New Zealand
2019-06-01,153,Arrivals,Philippines,Student,Non-New Zealand
2019-06-01,686,Arrivals,Philippines,TOTAL,Non-New Zealand
2019-06-01,135,Arrivals,Philippines,Visitor,Non-New Zealand
2019-06-01,350,Arrivals,Philippines,Work,Non-New Zealand
2019-07-01,0,Arrivals,Philippines,New Zealand and Australian citizens,Non-New Zealand
2019-07-01,3,Arrivals,Philippines,Other,Non-New Zealand
2019-07-01,42,Arrivals,Philippines,Residence,Non-New Zealand
2019-07-01,157,Arrivals,Philippines,Student,Non-New Zealand
2019-07-01,622,Arrivals,Philippines,TOTAL,Non-New Zealand
2019-07-01,171,Arrivals,Philippines,Visitor,Non-New Zealand
2019-07-01,249,Arrivals,Philippines,Work,Non-New Zealand
2019-08-01,0,Arrivals,Philippines,New Zealand and Australian citizens,Non-New Zealand
2019-08-01,1,Arrivals,Philippines,Other,Non-New Zealand
2019-08-01,37,Arrivals,Philippines,Residence,Non-New Zealand
2019-08-01,161,Arrivals,Philippines,Student,Non-New Zealand
2019-08-01,735,Arrivals,Philippines,TOTAL,Non-New Zealand
2019-08-01,150,Arrivals,Philippines,Visitor,Non-New Zealand
2019-08-01,386,Arrivals,Philippines,Work,Non-New Zealand
2019-09-01,1,Arrivals,Philippines,New Zealand and Australian citizens,Non-New Zealand
2019-09-01,1,Arrivals,Philippines,Other,Non-New Zealand
2019-09-01,33,Arrivals,Philippines,Residence,Non-New Zealand
2019-09-01,95,Arrivals,Philippines,Student,Non-New Zealand
2019-09-01,620,Arrivals,Philippines,TOTAL,Non-New Zealand
2019-09-01,141,Arrivals,Philippines,Visitor,Non-New Zealand
2019-09-01,349,Arrivals,Philippines,Work,Non-New Zealand
2019-10-01,0,Arrivals,Philippines,New Zealand and Australian citizens,Non-New Zealand
2019-10-01,1,Arrivals,Philippines,Other,Non-New Zealand
2019-10-01,39,Arrivals,Philippines,Residence,Non-New Zealand
2019-10-01,114,Arrivals,Philippines,Student,Non-New Zealand
2019-10-01,680,Arrivals,Philippines,TOTAL,Non-New Zealand
2019-10-01,201,Arrivals,Philippines,Visitor,Non-New Zealand
2019-10-01,325,Arrivals,Philippines,Work,Non-New Zealand
2019-11-01,0,Arrivals,Philippines,New Zealand and Australian citizens,Non-New Zealand
2019-11-01,2,Arrivals,Philippines,Other,Non-New Zealand
2019-11-01,26,Arrivals,Philippines,Residence,Non-New Zealand
2019-11-01,163,Arrivals,Philippines,Student,Non-New Zealand
2019-11-01,700,Arrivals,Philippines,TOTAL,Non-New Zealand
2019-11-01,171,Arrivals,Philippines,Visitor,Non-New Zealand
2019-11-01,338,Arrivals,Philippines,Work,Non-New Zealand
2019-12-01,3,Arrivals,Philippines,New Zealand and Australian citizens,Non-New Zealand
2019-12-01,7,Arrivals,Philippines,Other,Non-New Zealand
2019-12-01,55,Arrivals,Philippines,Residence,Non-New Zealand
2019-12-01,99,Arrivals,Philippines,Student,Non-New Zealand
2019-12-01,589,Arrivals,Philippines,TOTAL,Non-New Zealand
2019-12-01,231,Arrivals,Philippines,Visitor,Non-New Zealand
2019-12-01,194,Arrivals,Philippines,Work,Non-New Zealand
2020-01-01,0,Arrivals,Philippines,New Zealand and Australian citizens,Non-New Zealand
2020-01-01,58,Arrivals,Philippines,Other,Non-New Zealand
2020-01-01,27,Arrivals,Philippines,Residence,Non-New Zealand
2020-01-01,128,Arrivals,Philippines,Student,Non-New Zealand
2020-01-01,618,Arrivals,Philippines,TOTAL,Non-New Zealand
2020-01-01,163,Arrivals,Philippines,Visitor,Non-New Zealand
2020-01-01,242,Arrivals,Philippines,Work,Non-New Zealand
2020-02-01,1,Arrivals,Philippines,New Zealand and Australian citizens,Non-New Zealand
2020-02-01,2,Arrivals,Philippines,Other,Non-New Zealand
2020-02-01,52,Arrivals,Philippines,Residence,Non-New Zealand
2020-02-01,180,Arrivals,Philippines,Student,Non-New Zealand
2020-02-01,829,Arrivals,Philippines,TOTAL,Non-New Zealand
2020-02-01,186,Arrivals,Philippines,Visitor,Non-New Zealand
2020-02-01,408,Arrivals,Philippines,Work,Non-New Zealand
2020-03-01,0,Arrivals,Philippines,New Zealand and Australian citizens,Non-New Zealand
2020-03-01,4,Arrivals,Philippines,Other,Non-New Zealand
2020-03-01,30,Arrivals,Philippines,Residence,Non-New Zealand
2020-03-01,97,Arrivals,Philippines,Student,Non-New Zealand
2020-03-01,449,Arrivals,Philippines,TOTAL,Non-New Zealand
2020-03-01,144,Arrivals,Philippines,Visitor,Non-New Zealand
2020-03-01,174,Arrivals,Philippines,Work,Non-New Zealand
2020-04-01,1,Arrivals,Philippines,New Zealand and Australian citizens,Non-New Zealand
2020-04-01,0,Arrivals,Philippines,Other,Non-New Zealand
2020-04-01,4,Arrivals,Philippines,Residence,Non-New Zealand
2020-04-01,0,Arrivals,Philippines,Student,Non-New Zealand
2020-04-01,7,Arrivals,Philippines,TOTAL,Non-New Zealand
2020-04-01,2,Arrivals,Philippines,Visitor,Non-New Zealand
2020-04-01,0,Arrivals,Philippines,Work,Non-New Zealand
2020-05-01,1,Arrivals,Philippines,New Zealand and Australian citizens,Non-New Zealand
2020-05-01,0,Arrivals,Philippines,Other,Non-New Zealand
2020-05-01,7,Arrivals,Philippines,Residence,Non-New Zealand
2020-05-01,0,Arrivals,Philippines,Student,Non-New Zealand
2020-05-01,12,Arrivals,Philippines,TOTAL,Non-New Zealand
2020-05-01,1,Arrivals,Philippines,Visitor,Non-New Zealand
2020-05-01,3,Arrivals,Philippines,Work,Non-New Zealand
2020-06-01,0,Arrivals,Philippines,New Zealand and Australian citizens,Non-New Zealand
2020-06-01,0,Arrivals,Philippines,Other,Non-New Zealand
2020-06-01,0,Arrivals,Philippines,Residence,Non-New Zealand
2020-06-01,0,Arrivals,Philippines,Student,Non-New Zealand
2020-06-01,2,Arrivals,Philippines,TOTAL,Non-New Zealand
2020-06-01,2,Arrivals,Philippines,Visitor,Non-New Zealand
2020-06-01,0,Arrivals,Philippines,Work,Non-New Zealand
2020-07-01,0,Arrivals,Philippines,New Zealand and Australian citizens,Non-New Zealand
2020-07-01,0,Arrivals,Philippines,Other,Non-New Zealand
2020-07-01,15,Arrivals,Philippines,Residence,Non-New Zealand
2020-07-01,0,Arrivals,Philippines,Student,Non-New Zealand
2020-07-01,56,Arrivals,Philippines,TOTAL,Non-New Zealand
2020-07-01,32,Arrivals,Philippines,Visitor,Non-New Zealand
2020-07-01,9,Arrivals,Philippines,Work,Non-New Zealand
2020-08-01,0,Arrivals,Philippines,New Zealand and Australian citizens,Non-New Zealand
2020-08-01,0,Arrivals,Philippines,Other,Non-New Zealand
2020-08-01,38,Arrivals,Philippines,Residence,Non-New Zealand
2020-08-01,1,Arrivals,Philippines,Student,Non-New Zealand
2020-08-01,67,Arrivals,Philippines,TOTAL,Non-New Zealand
2020-08-01,26,Arrivals,Philippines,Visitor,Non-New Zealand
2020-08-01,2,Arrivals,Philippines,Work,Non-New Zealand
2020-09-01,0,Arrivals,Philippines,New Zealand and Australian citizens,Non-New Zealand
2020-09-01,1,Arrivals,Philippines,Other,Non-New Zealand
2020-09-01,24,Arrivals,Philippines,Residence,Non-New Zealand
2020-09-01,1,Arrivals,Philippines,Student,Non-New Zealand
2020-09-01,41,Arrivals,Philippines,TOTAL,Non-New Zealand
2020-09-01,14,Arrivals,Philippines,Visitor,Non-New Zealand
2020-09-01,1,Arrivals,Philippines,Work,Non-New Zealand
2020-10-01,0,Arrivals,Philippines,New Zealand and Australian citizens,Non-New Zealand
2020-10-01,1,Arrivals,Philippines,Other,Non-New Zealand
2020-10-01,57,Arrivals,Philippines,Residence,Non-New Zealand
2020-10-01,5,Arrivals,Philippines,Student,Non-New Zealand
2020-10-01,132,Arrivals,Philippines,TOTAL,Non-New Zealand
2020-10-01,63,Arrivals,Philippines,Visitor,Non-New Zealand
2020-10-01,6,Arrivals,Philippines,Work,Non-New Zealand
2020-11-01,0,Arrivals,Philippines,New Zealand and Australian citizens,Non-New Zealand
2020-11-01,0,Arrivals,Philippines,Other,Non-New Zealand
2020-11-01,65,Arrivals,Philippines,Residence,Non-New Zealand
2020-11-01,2,Arrivals,Philippines,Student,Non-New Zealand
2020-11-01,97,Arrivals,Philippines,TOTAL,Non-New Zealand
2020-11-01,29,Arrivals,Philippines,Visitor,Non-New Zealand
2020-11-01,1,Arrivals,Philippines,Work,Non-New Zealand
2020-12-01,0,Arrivals,Philippines,New Zealand and Australian citizens,Non-New Zealand
2020-12-01,2,Arrivals,Philippines,Other,Non-New Zealand
2020-12-01,16,Arrivals,Philippines,Residence,Non-New Zealand
2020-12-01,3,Arrivals,Philippines,Student,Non-New Zealand
2020-12-01,40,Arrivals,Philippines,TOTAL,Non-New Zealand
2020-12-01,16,Arrivals,Philippines,Visitor,Non-New Zealand
2020-12-01,3,Arrivals,Philippines,Work,Non-New Zealand
2021-01-01,0,Arrivals,Philippines,New Zealand and Australian citizens,Non-New Zealand
2021-01-01,8,Arrivals,Philippines,Other,Non-New Zealand
2021-01-01,27,Arrivals,Philippines,Residence,Non-New Zealand
2021-01-01,0,Arrivals,Philippines,Student,Non-New Zealand
2021-01-01,78,Arrivals,Philippines,TOTAL,Non-New Zealand
2021-01-01,40,Arrivals,Philippines,Visitor,Non-New Zealand
2021-01-01,3,Arrivals,Philippines,Work,Non-New Zealand
2021-02-01,0,Arrivals,Philippines,New Zealand and Australian citizens,Non-New Zealand
2021-02-01,0,Arrivals,Philippines,Other,Non-New Zealand
2021-02-01,31,Arrivals,Philippines,Residence,Non-New Zealand
2021-02-01,2,Arrivals,Philippines,Student,Non-New Zealand
2021-02-01,94,Arrivals,Philippines,TOTAL,Non-New Zealand
2021-02-01,55,Arrivals,Philippines,Visitor,Non-New Zealand
2021-02-01,6,Arrivals,Philippines,Work,Non-New Zealand
2021-03-01,0,Arrivals,Philippines,New Zealand and Australian citizens,Non-New Zealand
2021-03-01,1,Arrivals,Philippines,Other,Non-New Zealand
2021-03-01,42,Arrivals,Philippines,Residence,Non-New Zealand
2021-03-01,3,Arrivals,Philippines,Student,Non-New Zealand
2021-03-01,105,Arrivals,Philippines,TOTAL,Non-New Zealand
2021-03-01,35,Arrivals,Philippines,Visitor,Non-New Zealand
2021-03-01,24,Arrivals,Philippines,Work,Non-New Zealand
2021-04-01,0,Arrivals,Philippines,New Zealand and Australian citizens,Non-New Zealand
2021-04-01,1,Arrivals,Philippines,Other,Non-New Zealand
2021-04-01,44,Arrivals,Philippines,Residence,Non-New Zealand
2021-04-01,4,Arrivals,Philippines,Student,Non-New Zealand
2021-04-01,149,Arrivals,Philippines,TOTAL,Non-New Zealand
2021-04-01,85,Arrivals,Philippines,Visitor,Non-New Zealand
2021-04-01,15,Arrivals,Philippines,Work,Non-New Zealand
2021-05-01,1,Arrivals,Philippines,New Zealand and Australian citizens,Non-New Zealand
2021-05-01,1,Arrivals,Philippines,Other,Non-New Zealand
2021-05-01,71,Arrivals,Philippines,Residence,Non-New Zealand
2021-05-01,0,Arrivals,Philippines,Student,Non-New Zealand
2021-05-01,112,Arrivals,Philippines,TOTAL,Non-New Zealand
2021-05-01,32,Arrivals,Philippines,Visitor,Non-New Zealand
2021-05-01,7,Arrivals,Philippines,Work,Non-New Zealand
2021-06-01,0,Arrivals,Philippines,New Zealand and Australian citizens,Non-New Zealand
2021-06-01,0,Arrivals,Philippines,Other,Non-New Zealand
2021-06-01,73,Arrivals,Philippines,Residence,Non-New Zealand
2021-06-01,9,Arrivals,Philippines,Student,Non-New Zealand
2021-06-01,174,Arrivals,Philippines,TOTAL,Non-New Zealand
2021-06-01,73,Arrivals,Philippines,Visitor,Non-New Zealand
2021-06-01,19,Arrivals,Philippines,Work,Non-New Zealand
2021-07-01,0,Arrivals,Philippines,New Zealand and Australian citizens,Non-New Zealand
2021-07-01,1,Arrivals,Philippines,Other,Non-New Zealand
2021-07-01,91,Arrivals,Philippines,Residence,Non-New Zealand
2021-07-01,8,Arrivals,Philippines,Student,Non-New Zealand
2021-07-01,167,Arrivals,Philippines,TOTAL,Non-New Zealand
2021-07-01,60,Arrivals,Philippines,Visitor,Non-New Zealand
2021-07-01,7,Arrivals,Philippines,Work,Non-New Zealand
2021-08-01,0,Arrivals,Philippines,New Zealand and Australian citizens,Non-New Zealand
2021-08-01,2,Arrivals,Philippines,Other,Non-New Zealand
2021-08-01,29,Arrivals,Philippines,Residence,Non-New Zealand
2021-08-01,29,Arrivals,Philippines,Student,Non-New Zealand
2021-08-01,142,Arrivals,Philippines,TOTAL,Non-New Zealand
2021-08-01,51,Arrivals,Philippines,Visitor,Non-New Zealand
2021-08-01,31,Arrivals,Philippines,Work,Non-New Zealand
2021-09-01,0,Arrivals,Philippines,New Zealand and Australian citizens,Non-New Zealand
2021-09-01,0,Arrivals,Philippines,Other,Non-New Zealand
2021-09-01,10,Arrivals,Philippines,Residence,Non-New Zealand
2021-09-01,11,Arrivals,Philippines,Student,Non-New Zealand
2021-09-01,84,Arrivals,Philippines,TOTAL,Non-New Zealand
2021-09-01,50,Arrivals,Philippines,Visitor,Non-New Zealand
2021-09-01,13,Arrivals,Philippines,Work,Non-New Zealand
2021-10-01,0,Arrivals,Philippines,New Zealand and Australian citizens,Non-New Zealand
2021-10-01,7,Arrivals,Philippines,Other,Non-New Zealand
2021-10-01,39,Arrivals,Philippines,Residence,Non-New Zealand
2021-10-01,28,Arrivals,Philippines,Student,Non-New Zealand
2021-10-01,151,Arrivals,Philippines,TOTAL,Non-New Zealand
2021-10-01,55,Arrivals,Philippines,Visitor,Non-New Zealand
2021-10-01,22,Arrivals,Philippines,Work,Non-New Zealand
2021-11-01,0,Arrivals,Philippines,New Zealand and Australian citizens,Non-New Zealand
2021-11-01,0,Arrivals,Philippines,Other,Non-New Zealand
2021-11-01,28,Arrivals,Philippines,Residence,Non-New Zealand
2021-11-01,15,Arrivals,Philippines,Student,Non-New Zealand
2021-11-01,132,Arrivals,Philippines,TOTAL,Non-New Zealand
2021-11-01,65,Arrivals,Philippines,Visitor,Non-New Zealand
2021-11-01,24,Arrivals,Philippines,Work,Non-New Zealand
2021-12-01,0,Arrivals,Philippines,New Zealand and Australian citizens,Non-New Zealand
2021-12-01,0,Arrivals,Philippines,Other,Non-New Zealand
2021-12-01,22,Arrivals,Philippines,Residence,Non-New Zealand
2021-12-01,12,Arrivals,Philippines,Student,Non-New Zealand
2021-12-01,157,Arrivals,Philippines,TOTAL,Non-New Zealand
2021-12-01,97,Arrivals,Philippines,Visitor,Non-New Zealand
2021-12-01,26,Arrivals,Philippines,Work,Non-New Zealand
2022-01-01,0,Arrivals,Philippines,New Zealand and Australian citizens,Non-New Zealand
2022-01-01,0,Arrivals,Philippines,Other,Non-New Zealand
2022-01-01,21,Arrivals,Philippines,Residence,Non-New Zealand
2022-01-01,9,Arrivals,Philippines,Student,Non-New Zealand
2022-01-01,63,Arrivals,Philippines,TOTAL,Non-New Zealand
2022-01-01,23,Arrivals,Philippines,Visitor,Non-New Zealand
2022-01-01,10,Arrivals,Philippines,Work,Non-New Zealand
2022-02-01,0,Arrivals,Philippines,New Zealand and Australian citizens,Non-New Zealand
2022-02-01,0,Arrivals,Philippines,Other,Non-New Zealand
2022-02-01,20,Arrivals,Philippines,Residence,Non-New Zealand
2022-02-01,7,Arrivals,Philippines,Student,Non-New Zealand
2022-02-01,89,Arrivals,Philippines,TOTAL,Non-New Zealand
2022-02-01,52,Arrivals,Philippines,Visitor,Non-New Zealand
2022-02-01,10,Arrivals,Philippines,Work,Non-New Zealand
2022-03-01,0,Arrivals,Philippines,New Zealand and Australian citizens,Non-New Zealand
2022-03-01,0,Arrivals,Philippines,Other,Non-New Zealand
2022-03-01,145,Arrivals,Philippines,Residence,Non-New Zealand
2022-03-01,11,Arrivals,Philippines,Student,Non-New Zealand
2022-03-01,268,Arrivals,Philippines,TOTAL,Non-New Zealand
2022-03-01,96,Arrivals,Philippines,Visitor,Non-New Zealand
2022-03-01,16,Arrivals,Philippines,Work,Non-New Zealand
2022-04-01,1,Arrivals,Philippines,New Zealand and Australian citizens,Non-New Zealand
2022-04-01,0,Arrivals,Philippines,Other,Non-New Zealand
2022-04-01,184,Arrivals,Philippines,Residence,Non-New Zealand
2022-04-01,24,Arrivals,Philippines,Student,Non-New Zealand
2022-04-01,321,Arrivals,Philippines,TOTAL,Non-New Zealand
2022-04-01,65,Arrivals,Philippines,Visitor,Non-New Zealand
2022-04-01,47,Arrivals,Philippines,Work,Non-New Zealand
2022-05-01,2,Arrivals,Philippines,New Zealand and Australian citizens,Non-New Zealand
2022-05-01,0,Arrivals,Philippines,Other,Non-New Zealand
2022-05-01,220,Arrivals,Philippines,Residence,Non-New Zealand
2022-05-01,13,Arrivals,Philippines,Student,Non-New Zealand
2022-05-01,432,Arrivals,Philippines,TOTAL,Non-New Zealand
2022-05-01,145,Arrivals,Philippines,Visitor,Non-New Zealand
2022-05-01,52,Arrivals,Philippines,Work,Non-New Zealand
2022-06-01,1,Arrivals,Philippines,New Zealand and Australian citizens,Non-New Zealand
2022-06-01,0,Arrivals,Philippines,Other,Non-New Zealand
2022-06-01,311,Arrivals,Philippines,Residence,Non-New Zealand
2022-06-01,13,Arrivals,Philippines,Student,Non-New Zealand
2022-06-01,575,Arrivals,Philippines,TOTAL,Non-New Zealand
2022-06-01,217,Arrivals,Philippines,Visitor,Non-New Zealand
2022-06-01,33,Arrivals,Philippines,Work,Non-New Zealand
2022-07-01,0,Arrivals,Philippines,New Zealand and Australian citizens,Non-New Zealand
2022-07-01,0,Arrivals,Philippines,Other,Non-New Zealand
2022-07-01,270,Arrivals,Philippines,Residence,Non-New Zealand
2022-07-01,103,Arrivals,Philippines,Student,Non-New Zealand
2022-07-01,822,Arrivals,Philippines,TOTAL,Non-New Zealand
2022-07-01,403,Arrivals,Philippines,Visitor,Non-New Zealand
2022-07-01,46,Arrivals,Philippines,Work,Non-New Zealand
2022-08-01,1,Arrivals,Philippines,New Zealand and Australian citizens,Non-New Zealand
2022-08-01,0,Arrivals,Philippines,Other,Non-New Zealand
2022-08-01,426,Arrivals,Philippines,Residence,Non-New Zealand
2022-08-01,44,Arrivals,Philippines,Student,Non-New Zealand
2022-08-01,908,Arrivals,Philippines,TOTAL,Non-New Zealand
2022-08-01,377,Arrivals,Philippines,Visitor,Non-New Zealand
2022-08-01,60,Arrivals,Philippines,Work,Non-New Zealand
2022-09-01,0,Arrivals,Philippines,New Zealand and Australian citizens,Non-New Zealand
2022-09-01,0,Arrivals,Philippines,Other,Non-New Zealand
2022-09-01,510,Arrivals,Philippines,Residence,Non-New Zealand
2022-09-01,92,Arrivals,Philippines,Student,Non-New Zealand
2022-09-01,1102,Arrivals,Philippines,TOTAL,Non-New Zealand
2022-09-01,270,Arrivals,Philippines,Visitor,Non-New Zealand
2022-09-01,230,Arrivals,Philippines,Work,Non-New Zealand
2022-10-01,0,Arrivals,Philippines,New Zealand and Australian citizens,Non-New Zealand
2022-10-01,0,Arrivals,Philippines,Other,Non-New Zealand
2022-10-01,447,Arrivals,Philippines,Residence,Non-New Zealand
2022-10-01,113,Arrivals,Philippines,Student,Non-New Zealand
2022-10-01,1213,Arrivals,Philippines,TOTAL,Non-New Zealand
2022-10-01,327,Arrivals,Philippines,Visitor,Non-New Zealand
2022-10-01,326,Arrivals,Philippines,Work,Non-New Zealand
2022-11-01,0,Arrivals,Philippines,New Zealand and Australian citizens,Non-New Zealand
2022-11-01,5,Arrivals,Philippines,Other,Non-New Zealand
2022-11-01,774,Arrivals,Philippines,Residence,Non-New Zealand
2022-11-01,96,Arrivals,Philippines,Student,Non-New Zealand
2022-11-01,2488,Arrivals,Philippines,TOTAL,Non-New Zealand
2022-11-01,678,Arrivals,Philippines,Visitor,Non-New Zealand
2022-11-01,935,Arrivals,Philippines,Work,Non-New Zealand
2022-12-01,1,Arrivals,Philippines,New Zealand and Australian citizens,Non-New Zealand
2022-12-01,3,Arrivals,Philippines,Other,Non-New Zealand
2022-12-01,549,Arrivals,Philippines,Residence,Non-New Zealand
2022-12-01,113,Arrivals,Philippines,Student,Non-New Zealand
2022-12-01,1874,Arrivals,Philippines,TOTAL,Non-New Zealand
2022-12-01,619,Arrivals,Philippines,Visitor,Non-New Zealand
2022-12-01,589,Arrivals,Philippines,Work,Non-New Zealand
2023-01-01,0,Arrivals,Philippines,New Zealand and Australian citizens,Non-New Zealand
2023-01-01,0,Arrivals,Philippines,Other,Non-New Zealand
2023-01-01,458,Arrivals,Philippines,Residence,Non-New Zealand
2023-01-01,147,Arrivals,Philippines,Student,Non-New Zealand
2023-01-01,1741,Arrivals,Philippines,TOTAL,Non-New Zealand
2023-01-01,281,Arrivals,Philippines,Visitor,Non-New Zealand
2023-01-01,855,Arrivals,Philippines,Work,Non-New Zealand
2023-02-01,0,Arrivals,Philippines,New Zealand and Australian citizens,Non-New Zealand
2023-02-01,0,Arrivals,Philippines,Other,Non-New Zealand
2023-02-01,876,Arrivals,Philippines,Residence,Non-New Zealand
2023-02-01,218,Arrivals,Philippines,Student,Non-New Zealand
2023-02-01,2854,Arrivals,Philippines,TOTAL,Non-New Zealand
2023-02-01,457,Arrivals,Philippines,Visitor,Non-New Zealand
2023-02-01,1303,Arrivals,Philippines,Work,Non-New Zealand
2023-03-01,0,Arrivals,Philippines,New Zealand and Australian citizens,Non-New Zealand
2023-03-01,0,Arrivals,Philippines,Other,Non-New Zealand
2023-03-01,1692,Arrivals,Philippines,Residence,Non-New Zealand
2023-03-01,184,Arrivals,Philippines,Student,Non-New Zealand
2023-03-01,4358,Arrivals,Philippines,TOTAL,Non-New Zealand
2023-03-01,738,Arrivals,Philippines,Visitor,Non-New Zealand
2023-03-01,1744,Arrivals,Philippines,Work,Non-New Zealand
2023-04-01,0,Arrivals,Philippines,New Zealand and Australian citizens,Non-New Zealand
2023-04-01,0,Arrivals,Philippines,Other,Non-New Zealand
2023-04-01,880,Arrivals,Philippines,Residence,Non-New Zealand
2023-04-01,140,Arrivals,Philippines,Student,Non-New Zealand
2023-04-01,2461,Arrivals,Philippines,TOTAL,Non-New Zealand
2023-04-01,429,Arrivals,Philippines,Visitor,Non-New Zealand
2023-04-01,1012,Arrivals,Philippines,Work,Non-New Zealand
2023-05-01,0,Arrivals,Philippines,New Zealand and Australian citizens,Non-New Zealand
2023-05-01,1,Arrivals,Philippines,Other,Non-New Zealand
2023-05-01,1156,Arrivals,Philippines,Residence,Non-New Zealand
2023-05-01,142,Arrivals,Philippines,Student,Non-New Zealand
2023-05-01,2849,Arrivals,Philippines,TOTAL,Non-New Zealand
2023-05-01,527,Arrivals,Philippines,Visitor,Non-New Zealand
2023-05-01,1023,Arrivals,Philippines,Work,Non-New Zealand
2023-06-01,0,Arrivals,Philippines,New Zealand and Australian citizens,Non-New Zealand
2023-06-01,5,Arrivals,Philippines,Other,Non-New Zealand
2023-06-01,1295,Arrivals,Philippines,Residence,Non-New Zealand
2023-06-01,195,Arrivals,Philippines,Student,Non-New Zealand
2023-06-01,2939,Arrivals,Philippines,TOTAL,Non-New Zealand
2023-06-01,553,Arrivals,Philippines,Visitor,Non-New Zealand
2023-06-01,891,Arrivals,Philippines,Work,Non-New Zealand
2023-07-01,0,Arrivals,Philippines,New Zealand and Australian citizens,Non-New Zealand
2023-07-01,1,Arrivals,Philippines,Other,Non-New Zealand
2023-07-01,1119,Arrivals,Philippines,Residence,Non-New Zealand
2023-07-01,191,Arrivals,Philippines,Student,Non-New Zealand
2023-07-01,2463,Arrivals,Philippines,TOTAL,Non-New Zealand
2023-07-01,428,Arrivals,Philippines,Visitor,Non-New Zealand
2023-07-01,724,Arrivals,Philippines,Work,Non-New Zealand
2023-08-01,0,Arrivals,Philippines,New Zealand and Australian citizens,Non-New Zealand
2023-08-01,0,Arrivals,Philippines,Other,Non-New Zealand
2023-08-01,1531,Arrivals,Philippines,Residence,Non-New Zealand
2023-08-01,300,Arrivals,Philippines,Student,Non-New Zealand
2023-08-01,3442,Arrivals,Philippines,TOTAL,Non-New Zealand
2023-08-01,609,Arrivals,Philippines,Visitor,Non-New Zealand
2023-08-01,1002,Arrivals,Philippines,Work,Non-New Zealand
2023-09-01,4,Arrivals,Philippines,New Zealand and Australian citizens,Non-New Zealand
2023-09-01,0,Arrivals,Philippines,Other,Non-New Zealand
2023-09-01,838,Arrivals,Philippines,Residence,Non-New Zealand
2023-09-01,286,Arrivals,Philippines,Student,Non-New Zealand
2023-09-01,2345,Arrivals,Philippines,TOTAL,Non-New Zealand
2023-09-01,473,Arrivals,Philippines,Visitor,Non-New Zealand
2023-09-01,744,Arrivals,Philippines,Work,Non-New Zealand
2023-10-01,0,Arrivals,Philippines,New Zealand and Australian citizens,Non-New Zealand
2023-10-01,1,Arrivals,Philippines,Other,Non-New Zealand
2023-10-01,505,Arrivals,Philippines,Residence,Non-New Zealand
2023-10-01,160,Arrivals,Philippines,Student,Non-New Zealand
2023-10-01,1707,Arrivals,Philippines,TOTAL,Non-New Zealand
2023-10-01,401,Arrivals,Philippines,Visitor,Non-New Zealand
2023-10-01,640,Arrivals,Philippines,Work,Non-New Zealand
2023-11-01,3,Arrivals,Philippines,New Zealand and Australian citizens,Non-New Zealand
2023-11-01,5,Arrivals,Philippines,Other,Non-New Zealand
2023-11-01,577,Arrivals,Philippines,Residence,Non-New Zealand
2023-11-01,177,Arrivals,Philippines,Student,Non-New Zealand
2023-11-01,1739,Arrivals,Philippines,TOTAL,Non-New Zealand
2023-11-01,463,Arrivals,Philippines,Visitor,Non-New Zealand
2023-11-01,514,Arrivals,Philippines,Work,Non-New Zealand
2023-12-01,1,Arrivals,Philippines,New Zealand and Australian citizens,Non-New Zealand
2023-12-01,2,Arrivals,Philippines,Other,Non-New Zealand
2023-12-01,367,Arrivals,Philippines,Residence,Non-New Zealand
2023-12-01,203,Arrivals,Philippines,Student,Non-New Zealand
2023-12-01,1314,Arrivals,Philippines,TOTAL,Non-New Zealand
2023-12-01,421,Arrivals,Philippines,Visitor,Non-New Zealand
2023-12-01,320,Arrivals,Philippines,Work,Non-New Zealand
2024-01-01,3,Arrivals,Philippines,New Zealand and Australian citizens,Non-New Zealand
2024-01-01,0,Arrivals,Philippines,Other,Non-New Zealand
2024-01-01,427,Arrivals,Philippines,Residence,Non-New Zealand
2024-01-01,151,Arrivals,Philippines,Student,Non-New Zealand
2024-01-01,1283,Arrivals,Philippines,TOTAL,Non-New Zealand
2024-01-01,255,Arrivals,Philippines,Visitor,Non-New Zealand
2024-01-01,447,Arrivals,Philippines,Work,Non-New Zealand
2024-02-01,2,Arrivals,Philippines,New Zealand and Australian citizens,Non-New Zealand
2024-02-01,0,Arrivals,Philippines,Other,Non-New Zealand
2024-02-01,367,Arrivals,Philippines,Residence,Non-New Zealand
2024-02-01,207,Arrivals,Philippines,Student,Non-New Zealand
2024-02-01,1400,Arrivals,Philippines,TOTAL,Non-New Zealand
2024-02-01,357,Arrivals,Philippines,Visitor,Non-New Zealand
2024-02-01,467,Arrivals,Philippines,Work,Non-New Zealand
2024-03-01,4,Arrivals,Philippines,New Zealand and Australian citizens,Non-New Zealand
2024-03-01,0,Arrivals,Philippines,Other,Non-New Zealand
2024-03-01,326,Arrivals,Philippines,Residence,Non-New Zealand
2024-03-01,147,Arrivals,Philippines,Student,Non-New Zealand
2024-03-01,1215,Arrivals,Philippines,TOTAL,Non-New Zealand
2024-03-01,320,Arrivals,Philippines,Visitor,Non-New Zealand
2024-03-01,418,Arrivals,Philippines,Work,Non-New Zealand
2024-04-01,0,Arrivals,Philippines,New Zealand and Australian citizens,Non-New Zealand
2024-04-01,2,Arrivals,Philippines,Other,Non-New Zealand
2024-04-01,207,Arrivals,Philippines,Residence,Non-New Zealand
2024-04-01,132,Arrivals,Philippines,Student,Non-New Zealand
2024-04-01,914,Arrivals,Philippines,TOTAL,Non-New Zealand
2024-04-01,259,Arrivals,Philippines,Visitor,Non-New Zealand
2024-04-01,314,Arrivals,Philippines,Work,Non-New Zealand
2024-05-01,1,Arrivals,Philippines,New Zealand and Australian citizens,Non-New Zealand
2024-05-01,0,Arrivals,Philippines,Other,Non-New Zealand
2024-05-01,185,Arrivals,Philippines,Residence,Non-New Zealand
2024-05-01,148,Arrivals,Philippines,Student,Non-New Zealand
2024-05-01,934,Arrivals,Philippines,TOTAL,Non-New Zealand
2024-05-01,300,Arrivals,Philippines,Visitor,Non-New Zealand
2024-05-01,300,Arrivals,Philippines,Work,Non-New Zealand
2024-06-01,0,Arrivals,Philippines,New Zealand and Australian citizens,Non-New Zealand
2024-06-01,0,Arrivals,Philippines,Other,Non-New Zealand
2024-06-01,315,Arrivals,Philippines,Residence,Non-New Zealand
2024-06-01,302,Arrivals,Philippines,Student,Non-New Zealand
2024-06-01,1274,Arrivals,Philippines,TOTAL,Non-New Zealand
2024-06-01,291,Arrivals,Philippines,Visitor,Non-New Zealand
2024-06-01,366,Arrivals,Philippines,Work,Non-New Zealand
2024-07-01,1,Arrivals,Philippines,New Zealand and Australian citizens,Non-New Zealand
2024-07-01,2,Arrivals,Philippines,Other,Non-New Zealand
2024-07-01,266,Arrivals,Philippines,Residence,Non-New Zealand
2024-07-01,258,Arrivals,Philippines,Student,Non-New Zealand
2024-07-01,998,Arrivals,Philippines,TOTAL,Non-New Zealand
2024-07-01,230,Arrivals,Philippines,Visitor,Non-New Zealand
2024-07-01,241,Arrivals,Philippines,Work,Non-New Zealand
2024-08-01,0,Arrivals,Philippines,New Zealand and Australian citizens,Non-New Zealand
2024-08-01,0,Arrivals,Philippines,Other,Non-New Zealand
2024-08-01,174,Arrivals,Philippines,Residence,Non-New Zealand
2024-08-01,213,Arrivals,Philippines,Student,Non-New Zealand
2024-08-01,932,Arrivals,Philippines,TOTAL,Non-New Zealand
2024-08-01,289,Arrivals,Philippines,Visitor,Non-New Zealand
2024-08-01,256,Arrivals,Philippines,Work,Non-New Zealand
2024-09-01,0,Arrivals,Philippines,New Zealand and Australian citizens,Non-New Zealand
2024-09-01,0,Arrivals,Philippines,Other,Non-New Zealand
2024-09-01,154,Arrivals,Philippines,Residence,Non-New Zealand
2024-09-01,190,Arrivals,Philippines,Student,Non-New Zealand
2024-09-01,736,Arrivals,Philippines,TOTAL,Non-New Zealand
2024-09-01,184,Arrivals,Philippines,Visitor,Non-New Zealand
2024-09-01,208,Arrivals,Philippines,Work,Non-New Zealand
2024-10-01,1,Arrivals,Philippines,New Zealand and Australian citizens,Non-New Zealand
2024-10-01,0,Arrivals,Philippines,Other,Non-New Zealand
2024-10-01,176,Arrivals,Philippines,Residence,Non-New Zealand
2024-10-01,163,Arrivals,Philippines,Student,Non-New Zealand
2024-10-01,736,Arrivals,Philippines,TOTAL,Non-New Zealand
2024-10-01,222,Arrivals,Philippines,Visitor,Non-New Zealand
2024-10-01,174,Arrivals,Philippines,Work,Non-New Zealand
2024-11-01,0,Arrivals,Philippines,New Zealand and Australian citizens,Non-New Zealand
2024-11-01,0,Arrivals,Philippines,Other,Non-New Zealand
2024-11-01,147,Arrivals,Philippines,Residence,Non-New Zealand
2024-11-01,124,Arrivals,Philippines,Student,Non-New Zealand
2024-11-01,672,Arrivals,Philippines,TOTAL,Non-New Zealand
2024-11-01,234,Arrivals,Philippines,Visitor,Non-New Zealand
2024-11-01,167,Arrivals,Philippines,Work,Non-New Zealand
2024-12-01,2,Arrivals,Philippines,New Zealand and Australian citizens,Non-New Zealand
2024-12-01,0,Arrivals,Philippines,Other,Non-New Zealand
2024-12-01,130,Arrivals,Philippines,Residence,Non-New Zealand
2024-12-01,163,Arrivals,Philippines,Student,Non-New Zealand
2024-12-01,701,Arrivals,Philippines,TOTAL,Non-New Zealand
2024-12-01,252,Arrivals,Philippines,Visitor,Non-New Zealand
2024-12-01,154,Arrivals,Philippines,Work,Non-New Zealand
2025-01-01,0,Arrivals,Philippines,New Zealand and Australian citizens,Non-New Zealand
2025-01-01,1,Arrivals,Philippines,Other,Non-New Zealand
2025-01-01,111,Arrivals,Philippines,Residence,Non-New Zealand
2025-01-01,154,Arrivals,Philippines,Student,Non-New Zealand
2025-01-01,549,Arrivals,Philippines,TOTAL,Non-New Zealand
2025-01-01,154,Arrivals,Philippines,Visitor,Non-New Zealand
2025-01-01,129,Arrivals,Philippines,Work,Non-New Zealand
2025-02-01,2,Arrivals,Philippines,New Zealand and Australian citizens,Non-New Zealand
2025-02-01,1,Arrivals,Philippines,Other,Non-New Zealand
2025-02-01,193,Arrivals,Philippines,Residence,Non-New Zealand
2025-02-01,211,Arrivals,Philippines,Student,Non-New Zealand
2025-02-01,811,Arrivals,Philippines,TOTAL,Non-New Zealand
2025-02-01,202,Arrivals,Philippines,Visitor,Non-New Zealand
2025-02-01,202,Arrivals,Philippines,Work,Non-New Zealand
2025-03-01,0,Arrivals,Philippines,New Zealand and Australian citizens,Non-New Zealand
2025-03-01,0,Arrivals,Philippines,Other,Non-New Zealand
2025-03-01,139,Arrivals,Philippines,Residence,Non-New Zealand
2025-03-01,143,Arrivals,Philippines,Student,Non-New Zealand
2025-03-01,679,Arrivals,Philippines,TOTAL,Non-New Zealand
2025-03-01,222,Arrivals,Philippines,Visitor,Non-New Zealand
2025-03-01,175,Arrivals,Philippines,Work,Non-New Zealand
2025-04-01,0,Arrivals,Philippines,New Zealand and Australian citizens,Non-New Zealand
2025-04-01,0,Arrivals,Philippines,Other,Non-New Zealand
2025-04-01,100,Arrivals,Philippines,Residence,Non-New Zealand
2025-04-01,128,Arrivals,Philippines,Student,Non-New Zealand
2025-04-01,508,Arrivals,Philippines,TOTAL,Non-New Zealand
2025-04-01,160,Arrivals,Philippines,Visitor,Non-New Zealand
2025-04-01,120,Arrivals,Philippines,Work,Non-New Zealand
2025-05-01,0,Arrivals,Philippines,New Zealand and Australian citizens,Non-New Zealand
2025-05-01,0,Arrivals,Philippines,Other,Non-New Zealand
2025-05-01,230,Arrivals,Philippines,Residence,Non-New Zealand
2025-05-01,175,Arrivals,Philippines,Student,Non-New Zealand
2025-05-01,954,Arrivals,Philippines,TOTAL,Non-New Zealand
2025-05-01,302,Arrivals,Philippines,Visitor,Non-New Zealand
2025-05-01,247,Arrivals,Philippines,Work,Non-New Zealand
2025-06-01,0,Arrivals,Philippines,New Zealand and Australian citizens,Non-New Zealand
2025-06-01,0,Arrivals,Philippines,Other,Non-New Zealand
2025-06-01,173,Arrivals,Philippines,Residence,Non-New Zealand
2025-06-01,221,Arrivals,Philippines,Student,Non-New Zealand
2025-06-01,893,Arrivals,Philippines,TOTAL,Non-New Zealand
2025-06-01,252,Arrivals,Philippines,Visitor,Non-New Zealand
2025-06-01,248,Arrivals,Philippines,Work,Non-New Zealand
2025-07-01,0,Arrivals,Philippines,New Zealand and Australian citizens,Non-New Zealand
2025-07-01,6,Arrivals,Philippines,Other,Non-New Zealand
2025-07-01,114,Arrivals,Philippines,Residence,Non-New Zealand
2025-07-01,243,Arrivals,Philippines,Student,Non-New Zealand
2025-07-01,872,Arrivals,Philippines,TOTAL,Non-New Zealand
2025-07-01,275,Arrivals,Philippines,Visitor,Non-New Zealand
2025-07-01,234,Arrivals,Philippines,Work,Non-New Zealand
2025-08-01,0,Arrivals,Philippines,New Zealand and Australian citizens,Non-New Zealand
2025-08-01,0,Arrivals,Philippines,Other,Non-New Zealand
2025-08-01,140,Arrivals,Philippines,Residence,Non-New Zealand
2025-08-01,129,Arrivals,Philippines,Student,Non-New Zealand
2025-08-01,780,Arrivals,Philippines,TOTAL,Non-New Zealand
2025-08-01,283,Arrivals,Philippines,Visitor,Non-New Zealand
2025-08-01,228,Arrivals,Philippines,Work,Non-New Zealand
2025-09-01,2,Arrivals,Philippines,New Zealand and Australian citizens,Non-New Zealand
2025-09-01,0,Arrivals,Philippines,Other,Non-New Zealand
2025-09-01,145,Arrivals,Philippines,Residence,Non-New Zealand
2025-09-01,157,Arrivals,Philippines,Student,Non-New Zealand
2025-09-01,730,Arrivals,Philippines,TOTAL,Non-New Zealand
2025-09-01,229,Arrivals,Philippines,Visitor,Non-New Zealand
2025-09-01,198,Arrivals,Philippines,Work,Non-New Zealand
2025-10-01,0,Arrivals,Philippines,New Zealand and Australian citizens,Non-New Zealand
2025-10-01,1,Arrivals,Philippines,Other,Non-New Zealand
2025-10-01,113,Arrivals,Philippines,Residence,Non-New Zealand
2025-10-01,128,Arrivals,Philippines,Student,Non-New Zealand
2025-10-01,714,Arrivals,Philippines,TOTAL,Non-New Zealand
2025-10-01,218,Arrivals,Philippines,Visitor,Non-New Zealand
2025-10-01,254,Arrivals,Philippines,Work,Non-New Zealand
2025-11-01,1,Arrivals,Philippines,New Zealand and Australian citizens,Non-New Zealand
2025-11-01,1,Arrivals,Philippines,Other,Non-New Zealand
2025-11-01,111,Arrivals,Philippines,Residence,Non-New Zealand
2025-11-01,109,Arrivals,Philippines,Student,Non-New Zealand
2025-11-01,646,Arrivals,Philippines,TOTAL,Non-New Zealand
2025-11-01,224,Arrivals,Philippines,Visitor,Non-New Zealand
2025-11-01,201,Arrivals,Philippines,Work,Non-New Zealand
2025-12-01,1,Arrivals,Philippines,New Zealand and Australian citizens,Non-New Zealand
2025-12-01,0,Arrivals,Philippines,Other,Non-New Zealand
2025-12-01,98,Arrivals,Philippines,Residence,Non-New Zealand
2025-12-01,113,Arrivals,Philippines,Student,Non-New Zealand
2025-12-01,605,Arrivals,Philippines,TOTAL,Non-New Zealand
2025-12-01,261,Arrivals,Philippines,Visitor,Non-New Zealand
2025-12-01,132,Arrivals,Philippines,Work,Non-New Zealand
2026-01-01,1,Arrivals,Philippines,New Zealand and Australian citizens,Non-New Zealand
2026-01-01,1,Arrivals,Philippines,Other,Non-New Zealand
2026-01-01,72,Arrivals,Philippines,Residence,Non-New Zealand
2026-01-01,126,Arrivals,Philippines,Student,Non-New Zealand
2026-01-01,469,Arrivals,Philippines,TOTAL,Non-New Zealand
2026-01-01,137,Arrivals,Philippines,Visitor,Non-New Zealand
2026-01-01,133,Arrivals,Philippines,Work,Non-New Zealand
2026-02-01,0,Arrivals,Philippines,New Zealand and Australian citizens,Non-New Zealand
2026-02-01,1,Arrivals,Philippines,Other,Non-New Zealand
2026-02-01,110,Arrivals,Philippines,Residence,Non-New Zealand
2026-02-01,124,Arrivals,Philippines,Student,Non-New Zealand
2026-02-01,651,Arrivals,Philippines,TOTAL,Non-New Zealand
2026-02-01,209,Arrivals,Philippines,Visitor,Non-New Zealand
2026-02-01,205,Arrivals,Philippines,Work,Non-New Zealand
2026-03-01,1,Arrivals,Philippines,New Zealand and Australian citizens,Non-New Zealand
2026-03-01,0,Arrivals,Philippines,Other,Non-New Zealand
2026-03-01,111,Arrivals,Philippines,Residence,Non-New Zealand
2026-03-01,80,Arrivals,Philippines,Student,Non-New Zealand
2026-03-01,728,Arrivals,Philippines,TOTAL,Non-New Zealand
2026-03-01,272,Arrivals,Philippines,Visitor,Non-New Zealand
2026-03-01,264,Arrivals,Philippines,Work,Non-New Zealand
